Relationship_ID,Relationship_Type,From_Parameter_ID,From_Parameter_Name,From_Category,To_ID,To_Name,Direction,Strength,Evidence,Notes
REL-00001,Parameter->Symptom,PAR-HIST-01,Last Maint,Compressor Historical/Performance Data (Source- SAP/Site supplied data),SYM-01,High Vibration,Context,Low,X in CC_symptoms.xlsx matrix,Direction/Strength by engineering judgement
REL-00002,Parameter->Symptom,PAR-HIST-04,Trip History,Compressor Historical/Performance Data (Source- SAP/Site supplied data),SYM-01,High Vibration,Context,Low,X in CC_symptoms.xlsx matrix,Direction/Strength by engineering judgement
REL-00003,Parameter->Symptom,PAR-PROC-01,Gas Handled,Process Parameters- Source- OSI/PI/SEEQ/DCS/Other,SYM-01,High Vibration,Context,Low,X in CC_symptoms.xlsx matrix,Direction/Strength by engineering judgement
REL-00004,Parameter->Symptom,PAR-PROC-02,Speed,Process Parameters- Source- OSI/PI/SEEQ/DCS/Other,SYM-01,High Vibration,Context,Low,X in CC_symptoms.xlsx matrix,Direction/Strength by engineering judgement
REL-00005,Parameter->Symptom,PAR-PROC-03,Molecular Weight,Process Parameters- Source- OSI/PI/SEEQ/DCS/Other,SYM-01,High Vibration,Context,Low,X in CC_symptoms.xlsx matrix,Direction/Strength by engineering judgement
REL-00006,Parameter->Symptom,PAR-PROC-04,Suction Pressure,Process Parameters- Source- OSI/PI/SEEQ/DCS/Other,SYM-01,High Vibration,Context,Low,X in CC_symptoms.xlsx matrix,Direction/Strength by engineering judgement
REL-00007,Parameter->Symptom,PAR-PROC-10,Discharge Pressure,Process Parameters- Source- OSI/PI/SEEQ/DCS/Other,SYM-01,High Vibration,Context,Low,X in CC_symptoms.xlsx matrix,Direction/Strength by engineering judgement
REL-00008,Parameter->Symptom,PAR-PROC-14,Recycle Valve (Anti-Surge Valve) opening %,Process Parameters- Source- OSI/PI/SEEQ/DCS/Other,SYM-01,High Vibration,Direct,Med,X in CC_symptoms.xlsx matrix,Direction/Strength by engineering judgement
REL-00009,Parameter->Symptom,PAR-PROC-19,Power drawn -if motor driven-Current,Process Parameters- Source- OSI/PI/SEEQ/DCS/Other,SYM-01,High Vibration,Context,Low,X in CC_symptoms.xlsx matrix,Direction/Strength by engineering judgement
REL-00010,Parameter->Symptom,PAR-PROC-20,Power drawn - If turbine driven-steam flow,Process Parameters- Source- OSI/PI/SEEQ/DCS/Other,SYM-01,High Vibration,Context,Low,X in CC_symptoms.xlsx matrix,Direction/Strength by engineering judgement
REL-00011,Parameter->Symptom,PAR-LO-01,Lube Oil supply Pressure,Lubrication System,SYM-01,High Vibration,Inverse,High,X in CC_symptoms.xlsx matrix,Direction/Strength by engineering judgement
REL-00012,Parameter->Symptom,PAR-LO-02,Lube Oil supply temperature,Lubrication System,SYM-01,High Vibration,Direct,Med,X in CC_symptoms.xlsx matrix,Direction/Strength by engineering judgement
REL-00013,Parameter->Symptom,PAR-BRG-01,Inboard Radial Bearing Temperature,Compressor Bearing Temperature (Source- System-1/other),SYM-01,High Vibration,Context,Low,X in CC_symptoms.xlsx matrix,Direction/Strength by engineering judgement
REL-00014,Parameter->Symptom,PAR-BRG-02,Outboard Radial Bearing Temperature,Compressor Bearing Temperature (Source- System-1/other),SYM-01,High Vibration,Context,Low,X in CC_symptoms.xlsx matrix,Direction/Strength by engineering judgement
REL-00015,Parameter->Symptom,PAR-BRG-03,Thrust bearing Active Temperature,Compressor Bearing Temperature (Source- System-1/other),SYM-01,High Vibration,Context,Low,X in CC_symptoms.xlsx matrix,Direction/Strength by engineering judgement
REL-00016,Parameter->Symptom,PAR-BRG-04,Thrust bearing In-active Temperature,Compressor Bearing Temperature (Source- System-1/other),SYM-01,High Vibration,Context,Low,X in CC_symptoms.xlsx matrix,Direction/Strength by engineering judgement
REL-00017,Parameter->Symptom,PAR-VIB-01,Inboard X probe,Compressor Vibration/Axial Displacemen (Source- System-1/Other),SYM-01,High Vibration,Direct,High,X in CC_symptoms.xlsx matrix,Direction/Strength by engineering judgement
REL-00018,Parameter->Symptom,PAR-VIB-02,Inboard Y probe,Compressor Vibration/Axial Displacemen (Source- System-1/Other),SYM-01,High Vibration,Direct,High,X in CC_symptoms.xlsx matrix,Direction/Strength by engineering judgement
REL-00019,Parameter->Symptom,PAR-VIB-04,Outboard Y probe,Compressor Vibration/Axial Displacemen (Source- System-1/Other),SYM-01,High Vibration,Direct,High,X in CC_symptoms.xlsx matrix,Direction/Strength by engineering judgement
REL-00020,Parameter->Symptom,PAR-VIB-05,Axial displacement Probe 1,Compressor Vibration/Axial Displacemen (Source- System-1/Other),SYM-01,High Vibration,Direct,High,X in CC_symptoms.xlsx matrix,Direction/Strength by engineering judgement
REL-00021,Parameter->Symptom,PAR-VIB-06,Axial displacement probe 2,Compressor Vibration/Axial Displacemen (Source- System-1/Other),SYM-01,High Vibration,Direct,High,X in CC_symptoms.xlsx matrix,Direction/Strength by engineering judgement
REL-00022,Parameter->Symptom,PAR-VIB-07,Phase angle Trend,Compressor Vibration/Axial Displacemen (Source- System-1/Other),SYM-01,High Vibration,Direct,High,X in CC_symptoms.xlsx matrix,Direction/Strength by engineering judgement
REL-00023,Parameter->Symptom,PAR-VIB-08,Frequency vs Amplitude Trend,Compressor Vibration/Axial Displacemen (Source- System-1/Other),SYM-01,High Vibration,Direct,High,X in CC_symptoms.xlsx matrix,Direction/Strength by engineering judgement
REL-00024,Parameter->Symptom,PAR-DRV-01,Inboard X probe,Compressor-Driver Vibration/AxiaL Displacement (Source-System-1/Other,SYM-01,High Vibration,Direct,High,X in CC_symptoms.xlsx matrix,Direction/Strength by engineering judgement
REL-00025,Parameter->Symptom,PAR-DRV-02,Inboard Y probe,Compressor-Driver Vibration/AxiaL Displacement (Source-System-1/Other,SYM-01,High Vibration,Direct,High,X in CC_symptoms.xlsx matrix,Direction/Strength by engineering judgement
REL-00026,Parameter->Symptom,PAR-DRV-03,Outboard X probe,Compressor-Driver Vibration/AxiaL Displacement (Source-System-1/Other,SYM-01,High Vibration,Direct,High,X in CC_symptoms.xlsx matrix,Direction/Strength by engineering judgement
REL-00027,Parameter->Symptom,PAR-DRV-04,Axial displacement Probe 1,Compressor-Driver Vibration/AxiaL Displacement (Source-System-1/Other,SYM-01,High Vibration,Direct,High,X in CC_symptoms.xlsx matrix,Direction/Strength by engineering judgement
REL-00028,Parameter->Symptom,PAR-DRV-05,Axial displacement probe 2,Compressor-Driver Vibration/AxiaL Displacement (Source-System-1/Other,SYM-01,High Vibration,Direct,High,X in CC_symptoms.xlsx matrix,Direction/Strength by engineering judgement
REL-00029,Parameter->Symptom,PAR-DRV-06,Phase angle Trend,Compressor-Driver Vibration/AxiaL Displacement (Source-System-1/Other,SYM-01,High Vibration,Direct,High,X in CC_symptoms.xlsx matrix,Direction/Strength by engineering judgement
REL-00030,Parameter->Symptom,PAR-DRV-07,Frequency vs Amplitude Trend,Compressor-Driver Vibration/AxiaL Displacement (Source-System-1/Other,SYM-01,High Vibration,Direct,High,X in CC_symptoms.xlsx matrix,Direction/Strength by engineering judgement
REL-00031,Parameter->Symptom,PAR-OA-01,Viscosity,Oil Analysis (Source Lab/3rd party report/other),SYM-01,High Vibration,Context,Low,X in CC_symptoms.xlsx matrix,Direction/Strength by engineering judgement
REL-00032,Parameter->Symptom,PAR-HIST-01,Last Maint,Compressor Historical/Performance Data (Source- SAP/Site supplied data),SYM-02,High Axial Displacement,Context,Med,X in CC_symptoms.xlsx matrix,Direction/Strength by engineering judgement
REL-00033,Parameter->Symptom,PAR-HIST-03,Overhaul Reports,Compressor Historical/Performance Data (Source- SAP/Site supplied data),SYM-02,High Axial Displacement,Context,Med,X in CC_symptoms.xlsx matrix,Direction/Strength by engineering judgement
REL-00034,Parameter->Symptom,PAR-HIST-04,Trip History,Compressor Historical/Performance Data (Source- SAP/Site supplied data),SYM-02,High Axial Displacement,Context,Med,X in CC_symptoms.xlsx matrix,Direction/Strength by engineering judgement
REL-00035,Parameter->Symptom,PAR-PROC-01,Gas Handled,Process Parameters- Source- OSI/PI/SEEQ/DCS/Other,SYM-02,High Axial Displacement,Context,Med,X in CC_symptoms.xlsx matrix,Direction/Strength by engineering judgement
REL-00036,Parameter->Symptom,PAR-PROC-02,Speed,Process Parameters- Source- OSI/PI/SEEQ/DCS/Other,SYM-02,High Axial Displacement,Context,Med,X in CC_symptoms.xlsx matrix,Direction/Strength by engineering judgement
REL-00037,Parameter->Symptom,PAR-PROC-03,Molecular Weight,Process Parameters- Source- OSI/PI/SEEQ/DCS/Other,SYM-02,High Axial Displacement,Context,Med,X in CC_symptoms.xlsx matrix,Direction/Strength by engineering judgement
REL-00038,Parameter->Symptom,PAR-PROC-04,Suction Pressure,Process Parameters- Source- OSI/PI/SEEQ/DCS/Other,SYM-02,High Axial Displacement,Context,Med,X in CC_symptoms.xlsx matrix,Direction/Strength by engineering judgement
REL-00039,Parameter->Symptom,PAR-PROC-10,Discharge Pressure,Process Parameters- Source- OSI/PI/SEEQ/DCS/Other,SYM-02,High Axial Displacement,Context,Med,X in CC_symptoms.xlsx matrix,Direction/Strength by engineering judgement
REL-00040,Parameter->Symptom,PAR-PROC-11,Discharge Temperature,Process Parameters- Source- OSI/PI/SEEQ/DCS/Other,SYM-02,High Axial Displacement,Context,Med,X in CC_symptoms.xlsx matrix,Direction/Strength by engineering judgement
REL-00041,Parameter->Symptom,PAR-PROC-13,Balancing Line Pressure,Process Parameters- Source- OSI/PI/SEEQ/DCS/Other,SYM-02,High Axial Displacement,Context,High,X in CC_symptoms.xlsx matrix,Direction/Strength by engineering judgement
REL-00042,Parameter->Symptom,PAR-PROC-14,Recycle Valve (Anti-Surge Valve) opening %,Process Parameters- Source- OSI/PI/SEEQ/DCS/Other,SYM-02,High Axial Displacement,Context,Med,X in CC_symptoms.xlsx matrix,Direction/Strength by engineering judgement
REL-00043,Parameter->Symptom,PAR-PROC-19,Power drawn -if motor driven-Current,Process Parameters- Source- OSI/PI/SEEQ/DCS/Other,SYM-02,High Axial Displacement,Context,Med,X in CC_symptoms.xlsx matrix,Direction/Strength by engineering judgement
REL-00044,Parameter->Symptom,PAR-PROC-20,Power drawn - If turbine driven-steam flow,Process Parameters- Source- OSI/PI/SEEQ/DCS/Other,SYM-02,High Axial Displacement,Context,Med,X in CC_symptoms.xlsx matrix,Direction/Strength by engineering judgement
REL-00045,Parameter->Symptom,PAR-LO-01,Lube Oil supply Pressure,Lubrication System,SYM-02,High Axial Displacement,Context,Med,X in CC_symptoms.xlsx matrix,Direction/Strength by engineering judgement
REL-00046,Parameter->Symptom,PAR-LO-02,Lube Oil supply temperature,Lubrication System,SYM-02,High Axial Displacement,Context,Med,X in CC_symptoms.xlsx matrix,Direction/Strength by engineering judgement
REL-00047,Parameter->Symptom,PAR-BRG-03,Thrust bearing Active Temperature,Compressor Bearing Temperature (Source- System-1/other),SYM-02,High Axial Displacement,Direct,High,X in CC_symptoms.xlsx matrix,Direction/Strength by engineering judgement
REL-00048,Parameter->Symptom,PAR-BRG-04,Thrust bearing In-active Temperature,Compressor Bearing Temperature (Source- System-1/other),SYM-02,High Axial Displacement,Direct,High,X in CC_symptoms.xlsx matrix,Direction/Strength by engineering judgement
REL-00049,Parameter->Symptom,PAR-VIB-01,Inboard X probe,Compressor Vibration/Axial Displacemen (Source- System-1/Other),SYM-02,High Axial Displacement,Context,Med,X in CC_symptoms.xlsx matrix,Direction/Strength by engineering judgement
REL-00050,Parameter->Symptom,PAR-VIB-02,Inboard Y probe,Compressor Vibration/Axial Displacemen (Source- System-1/Other),SYM-02,High Axial Displacement,Context,Med,X in CC_symptoms.xlsx matrix,Direction/Strength by engineering judgement
REL-00051,Parameter->Symptom,PAR-VIB-03,Outboard X probe,Compressor Vibration/Axial Displacemen (Source- System-1/Other),SYM-02,High Axial Displacement,Context,Med,X in CC_symptoms.xlsx matrix,Direction/Strength by engineering judgement
REL-00052,Parameter->Symptom,PAR-VIB-04,Outboard Y probe,Compressor Vibration/Axial Displacemen (Source- System-1/Other),SYM-02,High Axial Displacement,Context,Med,X in CC_symptoms.xlsx matrix,Direction/Strength by engineering judgement
REL-00053,Parameter->Symptom,PAR-VIB-05,Axial displacement Probe 1,Compressor Vibration/Axial Displacemen (Source- System-1/Other),SYM-02,High Axial Displacement,Direct,High,X in CC_symptoms.xlsx matrix,Direction/Strength by engineering judgement
REL-00054,Parameter->Symptom,PAR-VIB-06,Axial displacement probe 2,Compressor Vibration/Axial Displacemen (Source- System-1/Other),SYM-02,High Axial Displacement,Direct,High,X in CC_symptoms.xlsx matrix,Direction/Strength by engineering judgement
REL-00055,Parameter->Symptom,PAR-VIB-08,Frequency vs Amplitude Trend,Compressor Vibration/Axial Displacemen (Source- System-1/Other),SYM-02,High Axial Displacement,Context,Med,X in CC_symptoms.xlsx matrix,Direction/Strength by engineering judgement
REL-00056,Parameter->Symptom,PAR-DRV-01,Inboard X probe,Compressor-Driver Vibration/AxiaL Displacement (Source-System-1/Other,SYM-02,High Axial Displacement,Context,Med,X in CC_symptoms.xlsx matrix,Direction/Strength by engineering judgement
REL-00057,Parameter->Symptom,PAR-DRV-02,Inboard Y probe,Compressor-Driver Vibration/AxiaL Displacement (Source-System-1/Other,SYM-02,High Axial Displacement,Context,Med,X in CC_symptoms.xlsx matrix,Direction/Strength by engineering judgement
REL-00058,Parameter->Symptom,PAR-DRV-03,Outboard X probe,Compressor-Driver Vibration/AxiaL Displacement (Source-System-1/Other,SYM-02,High Axial Displacement,Context,Med,X in CC_symptoms.xlsx matrix,Direction/Strength by engineering judgement
REL-00059,Parameter->Symptom,PAR-DRV-04,Axial displacement Probe 1,Compressor-Driver Vibration/AxiaL Displacement (Source-System-1/Other,SYM-02,High Axial Displacement,Direct,High,X in CC_symptoms.xlsx matrix,Direction/Strength by engineering judgement
REL-00060,Parameter->Symptom,PAR-DRV-05,Axial displacement probe 2,Compressor-Driver Vibration/AxiaL Displacement (Source-System-1/Other,SYM-02,High Axial Displacement,Direct,High,X in CC_symptoms.xlsx matrix,Direction/Strength by engineering judgement
REL-00061,Parameter->Symptom,PAR-DRV-07,Frequency vs Amplitude Trend,Compressor-Driver Vibration/AxiaL Displacement (Source-System-1/Other,SYM-02,High Axial Displacement,Context,Med,X in CC_symptoms.xlsx matrix,Direction/Strength by engineering judgement
REL-00062,Parameter->Symptom,PAR-OA-01,Viscosity,Oil Analysis (Source Lab/3rd party report/other),SYM-02,High Axial Displacement,Context,Med,X in CC_symptoms.xlsx matrix,Direction/Strength by engineering judgement
REL-00063,Parameter->Symptom,PAR-OA-02,Flash Point,Oil Analysis (Source Lab/3rd party report/other),SYM-02,High Axial Displacement,Context,Med,X in CC_symptoms.xlsx matrix,Direction/Strength by engineering judgement
REL-00064,Parameter->Symptom,PAR-OA-03,Moisture,Oil Analysis (Source Lab/3rd party report/other),SYM-02,High Axial Displacement,Context,Med,X in CC_symptoms.xlsx matrix,Direction/Strength by engineering judgement
REL-00065,Parameter->Symptom,PAR-OA-04,Wear Debris Analysis,Oil Analysis (Source Lab/3rd party report/other),SYM-02,High Axial Displacement,Context,Med,X in CC_symptoms.xlsx matrix,Direction/Strength by engineering judgement
REL-00066,Parameter->Symptom,PAR-HIST-04,Trip History,Compressor Historical/Performance Data (Source- SAP/Site supplied data),SYM-03,Higher power drawn,Context,Low,X in CC_symptoms.xlsx matrix,Direction/Strength by engineering judgement
REL-00067,Parameter->Symptom,PAR-PROC-01,Gas Handled,Process Parameters- Source- OSI/PI/SEEQ/DCS/Other,SYM-03,Higher power drawn,Context,Low,X in CC_symptoms.xlsx matrix,Direction/Strength by engineering judgement
REL-00068,Parameter->Symptom,PAR-PROC-02,Speed,Process Parameters- Source- OSI/PI/SEEQ/DCS/Other,SYM-03,Higher power drawn,Direct,Med,X in CC_symptoms.xlsx matrix,Direction/Strength by engineering judgement
REL-00069,Parameter->Symptom,PAR-PROC-03,Molecular Weight,Process Parameters- Source- OSI/PI/SEEQ/DCS/Other,SYM-03,Higher power drawn,Direct,Med,X in CC_symptoms.xlsx matrix,Direction/Strength by engineering judgement
REL-00070,Parameter->Symptom,PAR-PROC-04,Suction Pressure,Process Parameters- Source- OSI/PI/SEEQ/DCS/Other,SYM-03,Higher power drawn,Context,Low,X in CC_symptoms.xlsx matrix,Direction/Strength by engineering judgement
REL-00071,Parameter->Symptom,PAR-PROC-05,Suction Temperature,Process Parameters- Source- OSI/PI/SEEQ/DCS/Other,SYM-03,Higher power drawn,Context,Low,X in CC_symptoms.xlsx matrix,Direction/Strength by engineering judgement
REL-00072,Parameter->Symptom,PAR-PROC-06,Suction Flow,Process Parameters- Source- OSI/PI/SEEQ/DCS/Other,SYM-03,Higher power drawn,Context,Low,X in CC_symptoms.xlsx matrix,Direction/Strength by engineering judgement
REL-00073,Parameter->Symptom,PAR-PROC-10,Discharge Pressure,Process Parameters- Source- OSI/PI/SEEQ/DCS/Other,SYM-03,Higher power drawn,Direct,Med,X in CC_symptoms.xlsx matrix,Direction/Strength by engineering judgement
REL-00074,Parameter->Symptom,PAR-PROC-11,Discharge Temperature,Process Parameters- Source- OSI/PI/SEEQ/DCS/Other,SYM-03,Higher power drawn,Context,Low,X in CC_symptoms.xlsx matrix,Direction/Strength by engineering judgement
REL-00075,Parameter->Symptom,PAR-PROC-13,Balancing Line Pressure,Process Parameters- Source- OSI/PI/SEEQ/DCS/Other,SYM-03,Higher power drawn,Context,Low,X in CC_symptoms.xlsx matrix,Direction/Strength by engineering judgement
REL-00076,Parameter->Symptom,PAR-PROC-14,Recycle Valve (Anti-Surge Valve) opening %,Process Parameters- Source- OSI/PI/SEEQ/DCS/Other,SYM-03,Higher power drawn,Context,Low,X in CC_symptoms.xlsx matrix,Direction/Strength by engineering judgement
REL-00077,Parameter->Symptom,PAR-PROC-19,Power drawn -if motor driven-Current,Process Parameters- Source- OSI/PI/SEEQ/DCS/Other,SYM-03,Higher power drawn,Direct,High,X in CC_symptoms.xlsx matrix,Direction/Strength by engineering judgement
REL-00078,Parameter->Symptom,PAR-PROC-20,Power drawn - If turbine driven-steam flow,Process Parameters- Source- OSI/PI/SEEQ/DCS/Other,SYM-03,Higher power drawn,Direct,High,X in CC_symptoms.xlsx matrix,Direction/Strength by engineering judgement
REL-00079,Parameter->Symptom,PAR-BRG-01,Inboard Radial Bearing Temperature,Compressor Bearing Temperature (Source- System-1/other),SYM-03,Higher power drawn,Context,Low,X in CC_symptoms.xlsx matrix,Direction/Strength by engineering judgement
REL-00080,Parameter->Symptom,PAR-BRG-02,Outboard Radial Bearing Temperature,Compressor Bearing Temperature (Source- System-1/other),SYM-03,Higher power drawn,Context,Low,X in CC_symptoms.xlsx matrix,Direction/Strength by engineering judgement
REL-00081,Parameter->Symptom,PAR-BRG-03,Thrust bearing Active Temperature,Compressor Bearing Temperature (Source- System-1/other),SYM-03,Higher power drawn,Context,Low,X in CC_symptoms.xlsx matrix,Direction/Strength by engineering judgement
REL-00082,Parameter->Symptom,PAR-BRG-04,Thrust bearing In-active Temperature,Compressor Bearing Temperature (Source- System-1/other),SYM-03,Higher power drawn,Context,Low,X in CC_symptoms.xlsx matrix,Direction/Strength by engineering judgement
REL-00083,Parameter->Symptom,PAR-VIB-01,Inboard X probe,Compressor Vibration/Axial Displacemen (Source- System-1/Other),SYM-03,Higher power drawn,Context,Low,X in CC_symptoms.xlsx matrix,Direction/Strength by engineering judgement
REL-00084,Parameter->Symptom,PAR-VIB-02,Inboard Y probe,Compressor Vibration/Axial Displacemen (Source- System-1/Other),SYM-03,Higher power drawn,Context,Low,X in CC_symptoms.xlsx matrix,Direction/Strength by engineering judgement
REL-00085,Parameter->Symptom,PAR-VIB-03,Outboard X probe,Compressor Vibration/Axial Displacemen (Source- System-1/Other),SYM-03,Higher power drawn,Context,Low,X in CC_symptoms.xlsx matrix,Direction/Strength by engineering judgement
REL-00086,Parameter->Symptom,PAR-VIB-04,Outboard Y probe,Compressor Vibration/Axial Displacemen (Source- System-1/Other),SYM-03,Higher power drawn,Context,Low,X in CC_symptoms.xlsx matrix,Direction/Strength by engineering judgement
REL-00087,Parameter->Symptom,PAR-VIB-05,Axial displacement Probe 1,Compressor Vibration/Axial Displacemen (Source- System-1/Other),SYM-03,Higher power drawn,Context,Low,X in CC_symptoms.xlsx matrix,Direction/Strength by engineering judgement
REL-00088,Parameter->Symptom,PAR-VIB-06,Axial displacement probe 2,Compressor Vibration/Axial Displacemen (Source- System-1/Other),SYM-03,Higher power drawn,Context,Low,X in CC_symptoms.xlsx matrix,Direction/Strength by engineering judgement
REL-00089,Parameter->Symptom,PAR-VIB-07,Phase angle Trend,Compressor Vibration/Axial Displacemen (Source- System-1/Other),SYM-03,Higher power drawn,Context,Low,X in CC_symptoms.xlsx matrix,Direction/Strength by engineering judgement
REL-00090,Parameter->Symptom,PAR-DRV-01,Inboard X probe,Compressor-Driver Vibration/AxiaL Displacement (Source-System-1/Other,SYM-03,Higher power drawn,Context,Low,X in CC_symptoms.xlsx matrix,Direction/Strength by engineering judgement
REL-00091,Parameter->Symptom,PAR-DRV-02,Inboard Y probe,Compressor-Driver Vibration/AxiaL Displacement (Source-System-1/Other,SYM-03,Higher power drawn,Context,Low,X in CC_symptoms.xlsx matrix,Direction/Strength by engineering judgement
REL-00092,Parameter->Symptom,PAR-DRV-03,Outboard X probe,Compressor-Driver Vibration/AxiaL Displacement (Source-System-1/Other,SYM-03,Higher power drawn,Context,Low,X in CC_symptoms.xlsx matrix,Direction/Strength by engineering judgement
REL-00093,Parameter->Symptom,PAR-DRV-04,Axial displacement Probe 1,Compressor-Driver Vibration/AxiaL Displacement (Source-System-1/Other,SYM-03,Higher power drawn,Context,Low,X in CC_symptoms.xlsx matrix,Direction/Strength by engineering judgement
REL-00094,Parameter->Symptom,PAR-DRV-05,Axial displacement probe 2,Compressor-Driver Vibration/AxiaL Displacement (Source-System-1/Other,SYM-03,Higher power drawn,Context,Low,X in CC_symptoms.xlsx matrix,Direction/Strength by engineering judgement
REL-00095,Parameter->Symptom,PAR-DRV-06,Phase angle Trend,Compressor-Driver Vibration/AxiaL Displacement (Source-System-1/Other,SYM-03,Higher power drawn,Context,Low,X in CC_symptoms.xlsx matrix,Direction/Strength by engineering judgement
REL-00096,Parameter->Symptom,PAR-HIST-04,Trip History,Compressor Historical/Performance Data (Source- SAP/Site supplied data),SYM-04,Surge Spikes/Surging,Context,Low,X in CC_symptoms.xlsx matrix,Direction/Strength by engineering judgement
REL-00097,Parameter->Symptom,PAR-PROC-01,Gas Handled,Process Parameters- Source- OSI/PI/SEEQ/DCS/Other,SYM-04,Surge Spikes/Surging,Context,Low,X in CC_symptoms.xlsx matrix,Direction/Strength by engineering judgement
REL-00098,Parameter->Symptom,PAR-PROC-02,Speed,Process Parameters- Source- OSI/PI/SEEQ/DCS/Other,SYM-04,Surge Spikes/Surging,Context,Low,X in CC_symptoms.xlsx matrix,Direction/Strength by engineering judgement
REL-00099,Parameter->Symptom,PAR-PROC-03,Molecular Weight,Process Parameters- Source- OSI/PI/SEEQ/DCS/Other,SYM-04,Surge Spikes/Surging,Context,Low,X in CC_symptoms.xlsx matrix,Direction/Strength by engineering judgement
REL-00100,Parameter->Symptom,PAR-PROC-04,Suction Pressure,Process Parameters- Source- OSI/PI/SEEQ/DCS/Other,SYM-04,Surge Spikes/Surging,Inverse,Med,X in CC_symptoms.xlsx matrix,Direction/Strength by engineering judgement
REL-00101,Parameter->Symptom,PAR-PROC-05,Suction Temperature,Process Parameters- Source- OSI/PI/SEEQ/DCS/Other,SYM-04,Surge Spikes/Surging,Context,Low,X in CC_symptoms.xlsx matrix,Direction/Strength by engineering judgement
REL-00102,Parameter->Symptom,PAR-PROC-06,Suction Flow,Process Parameters- Source- OSI/PI/SEEQ/DCS/Other,SYM-04,Surge Spikes/Surging,Inverse,High,X in CC_symptoms.xlsx matrix,Direction/Strength by engineering judgement
REL-00103,Parameter->Symptom,PAR-PROC-08,Suction Valve Opening % or Inlet Guide Vane opening %,Process Parameters- Source- OSI/PI/SEEQ/DCS/Other,SYM-04,Surge Spikes/Surging,Inverse,Med,X in CC_symptoms.xlsx matrix,Direction/Strength by engineering judgement
REL-00104,Parameter->Symptom,PAR-PROC-10,Discharge Pressure,Process Parameters- Source- OSI/PI/SEEQ/DCS/Other,SYM-04,Surge Spikes/Surging,Context,Med,X in CC_symptoms.xlsx matrix,Direction/Strength by engineering judgement
REL-00105,Parameter->Symptom,PAR-PROC-11,Discharge Temperature,Process Parameters- Source- OSI/PI/SEEQ/DCS/Other,SYM-04,Surge Spikes/Surging,Context,Low,X in CC_symptoms.xlsx matrix,Direction/Strength by engineering judgement
REL-00106,Parameter->Symptom,PAR-PROC-12,Discharge Flow,Process Parameters- Source- OSI/PI/SEEQ/DCS/Other,SYM-04,Surge Spikes/Surging,Inverse,High,X in CC_symptoms.xlsx matrix,Direction/Strength by engineering judgement
REL-00107,Parameter->Symptom,PAR-PROC-13,Balancing Line Pressure,Process Parameters- Source- OSI/PI/SEEQ/DCS/Other,SYM-04,Surge Spikes/Surging,Context,Low,X in CC_symptoms.xlsx matrix,Direction/Strength by engineering judgement
REL-00108,Parameter->Symptom,PAR-PROC-14,Recycle Valve (Anti-Surge Valve) opening %,Process Parameters- Source- OSI/PI/SEEQ/DCS/Other,SYM-04,Surge Spikes/Surging,Direct,High,X in CC_symptoms.xlsx matrix,Direction/Strength by engineering judgement
REL-00109,Parameter->Symptom,PAR-PROC-19,Power drawn -if motor driven-Current,Process Parameters- Source- OSI/PI/SEEQ/DCS/Other,SYM-04,Surge Spikes/Surging,Context,Low,X in CC_symptoms.xlsx matrix,Direction/Strength by engineering judgement
REL-00110,Parameter->Symptom,PAR-PROC-20,Power drawn - If turbine driven-steam flow,Process Parameters- Source- OSI/PI/SEEQ/DCS/Other,SYM-04,Surge Spikes/Surging,Context,Low,X in CC_symptoms.xlsx matrix,Direction/Strength by engineering judgement
REL-00111,Parameter->Symptom,PAR-VIB-01,Inboard X probe,Compressor Vibration/Axial Displacemen (Source- System-1/Other),SYM-04,Surge Spikes/Surging,Context,Low,X in CC_symptoms.xlsx matrix,Direction/Strength by engineering judgement
REL-00112,Parameter->Symptom,PAR-VIB-02,Inboard Y probe,Compressor Vibration/Axial Displacemen (Source- System-1/Other),SYM-04,Surge Spikes/Surging,Context,Low,X in CC_symptoms.xlsx matrix,Direction/Strength by engineering judgement
REL-00113,Parameter->Symptom,PAR-VIB-03,Outboard X probe,Compressor Vibration/Axial Displacemen (Source- System-1/Other),SYM-04,Surge Spikes/Surging,Context,Low,X in CC_symptoms.xlsx matrix,Direction/Strength by engineering judgement
REL-00114,Parameter->Symptom,PAR-VIB-04,Outboard Y probe,Compressor Vibration/Axial Displacemen (Source- System-1/Other),SYM-04,Surge Spikes/Surging,Context,Low,X in CC_symptoms.xlsx matrix,Direction/Strength by engineering judgement
REL-00115,Parameter->Symptom,PAR-VIB-05,Axial displacement Probe 1,Compressor Vibration/Axial Displacemen (Source- System-1/Other),SYM-04,Surge Spikes/Surging,Context,Low,X in CC_symptoms.xlsx matrix,Direction/Strength by engineering judgement
REL-00116,Parameter->Symptom,PAR-VIB-06,Axial displacement probe 2,Compressor Vibration/Axial Displacemen (Source- System-1/Other),SYM-04,Surge Spikes/Surging,Context,Low,X in CC_symptoms.xlsx matrix,Direction/Strength by engineering judgement
REL-00117,Parameter->Symptom,PAR-VIB-07,Phase angle Trend,Compressor Vibration/Axial Displacemen (Source- System-1/Other),SYM-04,Surge Spikes/Surging,Context,Low,X in CC_symptoms.xlsx matrix,Direction/Strength by engineering judgement
REL-00118,Parameter->Symptom,PAR-VIB-08,Frequency vs Amplitude Trend,Compressor Vibration/Axial Displacemen (Source- System-1/Other),SYM-04,Surge Spikes/Surging,Context,Low,X in CC_symptoms.xlsx matrix,Direction/Strength by engineering judgement
REL-00119,Parameter->Symptom,PAR-HIST-01,Last Maint,Compressor Historical/Performance Data (Source- SAP/Site supplied data),SYM-05,High Radial bearing Temperature,Context,Low,X in CC_symptoms.xlsx matrix,Direction/Strength by engineering judgement
REL-00120,Parameter->Symptom,PAR-HIST-03,Overhaul Reports,Compressor Historical/Performance Data (Source- SAP/Site supplied data),SYM-05,High Radial bearing Temperature,Context,Low,X in CC_symptoms.xlsx matrix,Direction/Strength by engineering judgement
REL-00121,Parameter->Symptom,PAR-HIST-04,Trip History,Compressor Historical/Performance Data (Source- SAP/Site supplied data),SYM-05,High Radial bearing Temperature,Context,Low,X in CC_symptoms.xlsx matrix,Direction/Strength by engineering judgement
REL-00122,Parameter->Symptom,PAR-PROC-01,Gas Handled,Process Parameters- Source- OSI/PI/SEEQ/DCS/Other,SYM-05,High Radial bearing Temperature,Context,Low,X in CC_symptoms.xlsx matrix,Direction/Strength by engineering judgement
REL-00123,Parameter->Symptom,PAR-PROC-02,Speed,Process Parameters- Source- OSI/PI/SEEQ/DCS/Other,SYM-05,High Radial bearing Temperature,Context,Low,X in CC_symptoms.xlsx matrix,Direction/Strength by engineering judgement
REL-00124,Parameter->Symptom,PAR-PROC-03,Molecular Weight,Process Parameters- Source- OSI/PI/SEEQ/DCS/Other,SYM-05,High Radial bearing Temperature,Context,Low,X in CC_symptoms.xlsx matrix,Direction/Strength by engineering judgement
REL-00125,Parameter->Symptom,PAR-PROC-04,Suction Pressure,Process Parameters- Source- OSI/PI/SEEQ/DCS/Other,SYM-05,High Radial bearing Temperature,Context,Low,X in CC_symptoms.xlsx matrix,Direction/Strength by engineering judgement
REL-00126,Parameter->Symptom,PAR-PROC-10,Discharge Pressure,Process Parameters- Source- OSI/PI/SEEQ/DCS/Other,SYM-05,High Radial bearing Temperature,Context,Low,X in CC_symptoms.xlsx matrix,Direction/Strength by engineering judgement
REL-00127,Parameter->Symptom,PAR-PROC-14,Recycle Valve (Anti-Surge Valve) opening %,Process Parameters- Source- OSI/PI/SEEQ/DCS/Other,SYM-05,High Radial bearing Temperature,Context,Low,X in CC_symptoms.xlsx matrix,Direction/Strength by engineering judgement
REL-00128,Parameter->Symptom,PAR-PROC-19,Power drawn -if motor driven-Current,Process Parameters- Source- OSI/PI/SEEQ/DCS/Other,SYM-05,High Radial bearing Temperature,Context,Low,X in CC_symptoms.xlsx matrix,Direction/Strength by engineering judgement
REL-00129,Parameter->Symptom,PAR-PROC-20,Power drawn - If turbine driven-steam flow,Process Parameters- Source- OSI/PI/SEEQ/DCS/Other,SYM-05,High Radial bearing Temperature,Context,Low,X in CC_symptoms.xlsx matrix,Direction/Strength by engineering judgement
REL-00130,Parameter->Symptom,PAR-LO-01,Lube Oil supply Pressure,Lubrication System,SYM-05,High Radial bearing Temperature,Inverse,High,X in CC_symptoms.xlsx matrix,Direction/Strength by engineering judgement
REL-00131,Parameter->Symptom,PAR-LO-02,Lube Oil supply temperature,Lubrication System,SYM-05,High Radial bearing Temperature,Direct,High,X in CC_symptoms.xlsx matrix,Direction/Strength by engineering judgement
REL-00132,Parameter->Symptom,PAR-BRG-01,Inboard Radial Bearing Temperature,Compressor Bearing Temperature (Source- System-1/other),SYM-05,High Radial bearing Temperature,Direct,High,X in CC_symptoms.xlsx matrix,Direction/Strength by engineering judgement
REL-00133,Parameter->Symptom,PAR-BRG-02,Outboard Radial Bearing Temperature,Compressor Bearing Temperature (Source- System-1/other),SYM-05,High Radial bearing Temperature,Direct,High,X in CC_symptoms.xlsx matrix,Direction/Strength by engineering judgement
REL-00134,Parameter->Symptom,PAR-BRG-03,Thrust bearing Active Temperature,Compressor Bearing Temperature (Source- System-1/other),SYM-05,High Radial bearing Temperature,Context,Low,X in CC_symptoms.xlsx matrix,Direction/Strength by engineering judgement
REL-00135,Parameter->Symptom,PAR-BRG-04,Thrust bearing In-active Temperature,Compressor Bearing Temperature (Source- System-1/other),SYM-05,High Radial bearing Temperature,Context,Low,X in CC_symptoms.xlsx matrix,Direction/Strength by engineering judgement
REL-00136,Parameter->Symptom,PAR-VIB-01,Inboard X probe,Compressor Vibration/Axial Displacemen (Source- System-1/Other),SYM-05,High Radial bearing Temperature,Context,Low,X in CC_symptoms.xlsx matrix,Direction/Strength by engineering judgement
REL-00137,Parameter->Symptom,PAR-VIB-02,Inboard Y probe,Compressor Vibration/Axial Displacemen (Source- System-1/Other),SYM-05,High Radial bearing Temperature,Context,Low,X in CC_symptoms.xlsx matrix,Direction/Strength by engineering judgement
REL-00138,Parameter->Symptom,PAR-VIB-03,Outboard X probe,Compressor Vibration/Axial Displacemen (Source- System-1/Other),SYM-05,High Radial bearing Temperature,Context,Low,X in CC_symptoms.xlsx matrix,Direction/Strength by engineering judgement
REL-00139,Parameter->Symptom,PAR-VIB-04,Outboard Y probe,Compressor Vibration/Axial Displacemen (Source- System-1/Other),SYM-05,High Radial bearing Temperature,Context,Low,X in CC_symptoms.xlsx matrix,Direction/Strength by engineering judgement
REL-00140,Parameter->Symptom,PAR-VIB-05,Axial displacement Probe 1,Compressor Vibration/Axial Displacemen (Source- System-1/Other),SYM-05,High Radial bearing Temperature,Context,Low,X in CC_symptoms.xlsx matrix,Direction/Strength by engineering judgement
REL-00141,Parameter->Symptom,PAR-VIB-06,Axial displacement probe 2,Compressor Vibration/Axial Displacemen (Source- System-1/Other),SYM-05,High Radial bearing Temperature,Context,Low,X in CC_symptoms.xlsx matrix,Direction/Strength by engineering judgement
REL-00142,Parameter->Symptom,PAR-OA-01,Viscosity,Oil Analysis (Source Lab/3rd party report/other),SYM-05,High Radial bearing Temperature,Context,Low,X in CC_symptoms.xlsx matrix,Direction/Strength by engineering judgement
REL-00143,Parameter->Symptom,PAR-OA-02,Flash Point,Oil Analysis (Source Lab/3rd party report/other),SYM-05,High Radial bearing Temperature,Context,Low,X in CC_symptoms.xlsx matrix,Direction/Strength by engineering judgement
REL-00144,Parameter->Symptom,PAR-OA-03,Moisture,Oil Analysis (Source Lab/3rd party report/other),SYM-05,High Radial bearing Temperature,Context,Low,X in CC_symptoms.xlsx matrix,Direction/Strength by engineering judgement
REL-00145,Parameter->Symptom,PAR-OA-04,Wear Debris Analysis,Oil Analysis (Source Lab/3rd party report/other),SYM-05,High Radial bearing Temperature,Context,Low,X in CC_symptoms.xlsx matrix,Direction/Strength by engineering judgement
REL-00146,Parameter->Symptom,PAR-OA-05,Oxidation,Oil Analysis (Source Lab/3rd party report/other),SYM-05,High Radial bearing Temperature,Context,Low,X in CC_symptoms.xlsx matrix,Direction/Strength by engineering judgement
REL-00147,Parameter->Symptom,PAR-HIST-01,Last Maint,Compressor Historical/Performance Data (Source- SAP/Site supplied data),SYM-06,High Thrust Bearing Temperature,Context,Low,X in CC_symptoms.xlsx matrix,Direction/Strength by engineering judgement
REL-00148,Parameter->Symptom,PAR-HIST-03,Overhaul Reports,Compressor Historical/Performance Data (Source- SAP/Site supplied data),SYM-06,High Thrust Bearing Temperature,Context,Low,X in CC_symptoms.xlsx matrix,Direction/Strength by engineering judgement
REL-00149,Parameter->Symptom,PAR-HIST-04,Trip History,Compressor Historical/Performance Data (Source- SAP/Site supplied data),SYM-06,High Thrust Bearing Temperature,Context,Low,X in CC_symptoms.xlsx matrix,Direction/Strength by engineering judgement
REL-00150,Parameter->Symptom,PAR-PROC-01,Gas Handled,Process Parameters- Source- OSI/PI/SEEQ/DCS/Other,SYM-06,High Thrust Bearing Temperature,Context,Low,X in CC_symptoms.xlsx matrix,Direction/Strength by engineering judgement
REL-00151,Parameter->Symptom,PAR-PROC-02,Speed,Process Parameters- Source- OSI/PI/SEEQ/DCS/Other,SYM-06,High Thrust Bearing Temperature,Context,Low,X in CC_symptoms.xlsx matrix,Direction/Strength by engineering judgement
REL-00152,Parameter->Symptom,PAR-PROC-03,Molecular Weight,Process Parameters- Source- OSI/PI/SEEQ/DCS/Other,SYM-06,High Thrust Bearing Temperature,Context,Low,X in CC_symptoms.xlsx matrix,Direction/Strength by engineering judgement
REL-00153,Parameter->Symptom,PAR-PROC-04,Suction Pressure,Process Parameters- Source- OSI/PI/SEEQ/DCS/Other,SYM-06,High Thrust Bearing Temperature,Context,Low,X in CC_symptoms.xlsx matrix,Direction/Strength by engineering judgement
REL-00154,Parameter->Symptom,PAR-PROC-06,Suction Flow,Process Parameters- Source- OSI/PI/SEEQ/DCS/Other,SYM-06,High Thrust Bearing Temperature,Context,Low,X in CC_symptoms.xlsx matrix,Direction/Strength by engineering judgement
REL-00155,Parameter->Symptom,PAR-PROC-08,Suction Valve Opening % or Inlet Guide Vane opening %,Process Parameters- Source- OSI/PI/SEEQ/DCS/Other,SYM-06,High Thrust Bearing Temperature,Context,Low,X in CC_symptoms.xlsx matrix,Direction/Strength by engineering judgement
REL-00156,Parameter->Symptom,PAR-PROC-10,Discharge Pressure,Process Parameters- Source- OSI/PI/SEEQ/DCS/Other,SYM-06,High Thrust Bearing Temperature,Context,Low,X in CC_symptoms.xlsx matrix,Direction/Strength by engineering judgement
REL-00157,Parameter->Symptom,PAR-PROC-12,Discharge Flow,Process Parameters- Source- OSI/PI/SEEQ/DCS/Other,SYM-06,High Thrust Bearing Temperature,Context,Low,X in CC_symptoms.xlsx matrix,Direction/Strength by engineering judgement
REL-00158,Parameter->Symptom,PAR-PROC-13,Balancing Line Pressure,Process Parameters- Source- OSI/PI/SEEQ/DCS/Other,SYM-06,High Thrust Bearing Temperature,Context,High,X in CC_symptoms.xlsx matrix,Direction/Strength by engineering judgement
REL-00159,Parameter->Symptom,PAR-PROC-14,Recycle Valve (Anti-Surge Valve) opening %,Process Parameters- Source- OSI/PI/SEEQ/DCS/Other,SYM-06,High Thrust Bearing Temperature,Context,Low,X in CC_symptoms.xlsx matrix,Direction/Strength by engineering judgement
REL-00160,Parameter->Symptom,PAR-PROC-19,Power drawn -if motor driven-Current,Process Parameters- Source- OSI/PI/SEEQ/DCS/Other,SYM-06,High Thrust Bearing Temperature,Context,Low,X in CC_symptoms.xlsx matrix,Direction/Strength by engineering judgement
REL-00161,Parameter->Symptom,PAR-PROC-20,Power drawn - If turbine driven-steam flow,Process Parameters- Source- OSI/PI/SEEQ/DCS/Other,SYM-06,High Thrust Bearing Temperature,Context,Low,X in CC_symptoms.xlsx matrix,Direction/Strength by engineering judgement
REL-00162,Parameter->Symptom,PAR-LO-01,Lube Oil supply Pressure,Lubrication System,SYM-06,High Thrust Bearing Temperature,Inverse,Med,X in CC_symptoms.xlsx matrix,Direction/Strength by engineering judgement
REL-00163,Parameter->Symptom,PAR-LO-02,Lube Oil supply temperature,Lubrication System,SYM-06,High Thrust Bearing Temperature,Direct,Med,X in CC_symptoms.xlsx matrix,Direction/Strength by engineering judgement
REL-00164,Parameter->Symptom,PAR-BRG-01,Inboard Radial Bearing Temperature,Compressor Bearing Temperature (Source- System-1/other),SYM-06,High Thrust Bearing Temperature,Context,Low,X in CC_symptoms.xlsx matrix,Direction/Strength by engineering judgement
REL-00165,Parameter->Symptom,PAR-BRG-02,Outboard Radial Bearing Temperature,Compressor Bearing Temperature (Source- System-1/other),SYM-06,High Thrust Bearing Temperature,Context,Low,X in CC_symptoms.xlsx matrix,Direction/Strength by engineering judgement
REL-00166,Parameter->Symptom,PAR-BRG-03,Thrust bearing Active Temperature,Compressor Bearing Temperature (Source- System-1/other),SYM-06,High Thrust Bearing Temperature,Direct,High,X in CC_symptoms.xlsx matrix,Direction/Strength by engineering judgement
REL-00167,Parameter->Symptom,PAR-BRG-04,Thrust bearing In-active Temperature,Compressor Bearing Temperature (Source- System-1/other),SYM-06,High Thrust Bearing Temperature,Direct,High,X in CC_symptoms.xlsx matrix,Direction/Strength by engineering judgement
REL-00168,Parameter->Symptom,PAR-VIB-01,Inboard X probe,Compressor Vibration/Axial Displacemen (Source- System-1/Other),SYM-06,High Thrust Bearing Temperature,Context,Low,X in CC_symptoms.xlsx matrix,Direction/Strength by engineering judgement
REL-00169,Parameter->Symptom,PAR-VIB-02,Inboard Y probe,Compressor Vibration/Axial Displacemen (Source- System-1/Other),SYM-06,High Thrust Bearing Temperature,Context,Low,X in CC_symptoms.xlsx matrix,Direction/Strength by engineering judgement
REL-00170,Parameter->Symptom,PAR-VIB-03,Outboard X probe,Compressor Vibration/Axial Displacemen (Source- System-1/Other),SYM-06,High Thrust Bearing Temperature,Context,Low,X in CC_symptoms.xlsx matrix,Direction/Strength by engineering judgement
REL-00171,Parameter->Symptom,PAR-VIB-04,Outboard Y probe,Compressor Vibration/Axial Displacemen (Source- System-1/Other),SYM-06,High Thrust Bearing Temperature,Context,Low,X in CC_symptoms.xlsx matrix,Direction/Strength by engineering judgement
REL-00172,Parameter->Symptom,PAR-VIB-05,Axial displacement Probe 1,Compressor Vibration/Axial Displacemen (Source- System-1/Other),SYM-06,High Thrust Bearing Temperature,Direct,High,X in CC_symptoms.xlsx matrix,Direction/Strength by engineering judgement
REL-00173,Parameter->Symptom,PAR-VIB-06,Axial displacement probe 2,Compressor Vibration/Axial Displacemen (Source- System-1/Other),SYM-06,High Thrust Bearing Temperature,Direct,High,X in CC_symptoms.xlsx matrix,Direction/Strength by engineering judgement
REL-00174,Parameter->Symptom,PAR-VIB-07,Phase angle Trend,Compressor Vibration/Axial Displacemen (Source- System-1/Other),SYM-06,High Thrust Bearing Temperature,Context,Low,X in CC_symptoms.xlsx matrix,Direction/Strength by engineering judgement
REL-00175,Parameter->Symptom,PAR-DRV-04,Axial displacement Probe 1,Compressor-Driver Vibration/AxiaL Displacement (Source-System-1/Other,SYM-06,High Thrust Bearing Temperature,Direct,High,X in CC_symptoms.xlsx matrix,Direction/Strength by engineering judgement
REL-00176,Parameter->Symptom,PAR-DRV-05,Axial displacement probe 2,Compressor-Driver Vibration/AxiaL Displacement (Source-System-1/Other,SYM-06,High Thrust Bearing Temperature,Direct,High,X in CC_symptoms.xlsx matrix,Direction/Strength by engineering judgement
REL-00177,Parameter->Symptom,PAR-OA-01,Viscosity,Oil Analysis (Source Lab/3rd party report/other),SYM-06,High Thrust Bearing Temperature,Context,Low,X in CC_symptoms.xlsx matrix,Direction/Strength by engineering judgement
REL-00178,Parameter->Symptom,PAR-OA-02,Flash Point,Oil Analysis (Source Lab/3rd party report/other),SYM-06,High Thrust Bearing Temperature,Context,Low,X in CC_symptoms.xlsx matrix,Direction/Strength by engineering judgement
REL-00179,Parameter->Symptom,PAR-OA-03,Moisture,Oil Analysis (Source Lab/3rd party report/other),SYM-06,High Thrust Bearing Temperature,Context,Low,X in CC_symptoms.xlsx matrix,Direction/Strength by engineering judgement
REL-00180,Parameter->Symptom,PAR-OA-04,Wear Debris Analysis,Oil Analysis (Source Lab/3rd party report/other),SYM-06,High Thrust Bearing Temperature,Context,Low,X in CC_symptoms.xlsx matrix,Direction/Strength by engineering judgement
REL-00181,Parameter->Symptom,PAR-OA-05,Oxidation,Oil Analysis (Source Lab/3rd party report/other),SYM-06,High Thrust Bearing Temperature,Context,Low,X in CC_symptoms.xlsx matrix,Direction/Strength by engineering judgement
REL-00182,Parameter->Symptom,PAR-PROC-01,Gas Handled,Process Parameters- Source- OSI/PI/SEEQ/DCS/Other,SYM-07,High Discharge Temperature,Context,Low,X in CC_symptoms.xlsx matrix,Direction/Strength by engineering judgement
REL-00183,Parameter->Symptom,PAR-PROC-02,Speed,Process Parameters- Source- OSI/PI/SEEQ/DCS/Other,SYM-07,High Discharge Temperature,Context,Low,X in CC_symptoms.xlsx matrix,Direction/Strength by engineering judgement
REL-00184,Parameter->Symptom,PAR-PROC-03,Molecular Weight,Process Parameters- Source- OSI/PI/SEEQ/DCS/Other,SYM-07,High Discharge Temperature,Context,Low,X in CC_symptoms.xlsx matrix,Direction/Strength by engineering judgement
REL-00185,Parameter->Symptom,PAR-PROC-04,Suction Pressure,Process Parameters- Source- OSI/PI/SEEQ/DCS/Other,SYM-07,High Discharge Temperature,Context,Low,X in CC_symptoms.xlsx matrix,Direction/Strength by engineering judgement
REL-00186,Parameter->Symptom,PAR-PROC-05,Suction Temperature,Process Parameters- Source- OSI/PI/SEEQ/DCS/Other,SYM-07,High Discharge Temperature,Direct,Med,X in CC_symptoms.xlsx matrix,Direction/Strength by engineering judgement
REL-00187,Parameter->Symptom,PAR-PROC-06,Suction Flow,Process Parameters- Source- OSI/PI/SEEQ/DCS/Other,SYM-07,High Discharge Temperature,Context,Low,X in CC_symptoms.xlsx matrix,Direction/Strength by engineering judgement
REL-00188,Parameter->Symptom,PAR-PROC-08,Suction Valve Opening % or Inlet Guide Vane opening %,Process Parameters- Source- OSI/PI/SEEQ/DCS/Other,SYM-07,High Discharge Temperature,Context,Low,X in CC_symptoms.xlsx matrix,Direction/Strength by engineering judgement
REL-00189,Parameter->Symptom,PAR-PROC-10,Discharge Pressure,Process Parameters- Source- OSI/PI/SEEQ/DCS/Other,SYM-07,High Discharge Temperature,Context,Low,X in CC_symptoms.xlsx matrix,Direction/Strength by engineering judgement
REL-00190,Parameter->Symptom,PAR-PROC-11,Discharge Temperature,Process Parameters- Source- OSI/PI/SEEQ/DCS/Other,SYM-07,High Discharge Temperature,Direct,High,X in CC_symptoms.xlsx matrix,Direction/Strength by engineering judgement
REL-00191,Parameter->Symptom,PAR-PROC-12,Discharge Flow,Process Parameters- Source- OSI/PI/SEEQ/DCS/Other,SYM-07,High Discharge Temperature,Context,Low,X in CC_symptoms.xlsx matrix,Direction/Strength by engineering judgement
REL-00192,Parameter->Symptom,PAR-PROC-14,Recycle Valve (Anti-Surge Valve) opening %,Process Parameters- Source- OSI/PI/SEEQ/DCS/Other,SYM-07,High Discharge Temperature,Direct,Med,X in CC_symptoms.xlsx matrix,Direction/Strength by engineering judgement
REL-00193,Parameter->Symptom,PAR-PROC-15,Interstage Cooler Gas Inlet Temperature,Process Parameters- Source- OSI/PI/SEEQ/DCS/Other,SYM-07,High Discharge Temperature,Context,Low,X in CC_symptoms.xlsx matrix,Direction/Strength by engineering judgement
REL-00194,Parameter->Symptom,PAR-PROC-16,Interstage Cooler Gas Outler Temperature,Process Parameters- Source- OSI/PI/SEEQ/DCS/Other,SYM-07,High Discharge Temperature,Inverse,Med,X in CC_symptoms.xlsx matrix,Direction/Strength by engineering judgement
REL-00195,Parameter->Symptom,PAR-PROC-17,Interstage Cooler Cooling Water Inlet Temperature,Process Parameters- Source- OSI/PI/SEEQ/DCS/Other,SYM-07,High Discharge Temperature,Context,Low,X in CC_symptoms.xlsx matrix,Direction/Strength by engineering judgement
REL-00196,Parameter->Symptom,PAR-PROC-18,Interstage Cooler Cooling Water Outler Temperature,Process Parameters- Source- OSI/PI/SEEQ/DCS/Other,SYM-07,High Discharge Temperature,Inverse,Med,X in CC_symptoms.xlsx matrix,Direction/Strength by engineering judgement
REL-00197,Parameter->Symptom,PAR-PROC-19,Power drawn -if motor driven-Current,Process Parameters- Source- OSI/PI/SEEQ/DCS/Other,SYM-07,High Discharge Temperature,Context,Low,X in CC_symptoms.xlsx matrix,Direction/Strength by engineering judgement
REL-00198,Parameter->Symptom,PAR-PROC-20,Power drawn - If turbine driven-steam flow,Process Parameters- Source- OSI/PI/SEEQ/DCS/Other,SYM-07,High Discharge Temperature,Context,Low,X in CC_symptoms.xlsx matrix,Direction/Strength by engineering judgement
REL-00199,Parameter->Symptom,PAR-HIST-01,Last Maint,Compressor Historical/Performance Data (Source- SAP/Site supplied data),SYM-08,Low Discharge Flow,Context,Low,X in CC_symptoms.xlsx matrix,Direction/Strength by engineering judgement
REL-00200,Parameter->Symptom,PAR-HIST-03,Overhaul Reports,Compressor Historical/Performance Data (Source- SAP/Site supplied data),SYM-08,Low Discharge Flow,Context,Low,X in CC_symptoms.xlsx matrix,Direction/Strength by engineering judgement
REL-00201,Parameter->Symptom,PAR-HIST-04,Trip History,Compressor Historical/Performance Data (Source- SAP/Site supplied data),SYM-08,Low Discharge Flow,Context,Low,X in CC_symptoms.xlsx matrix,Direction/Strength by engineering judgement
REL-00202,Parameter->Symptom,PAR-HIST-06,Availabiiity %,Compressor Historical/Performance Data (Source- SAP/Site supplied data),SYM-08,Low Discharge Flow,Context,Low,X in CC_symptoms.xlsx matrix,Direction/Strength by engineering judgement
REL-00203,Parameter->Symptom,PAR-PROC-01,Gas Handled,Process Parameters- Source- OSI/PI/SEEQ/DCS/Other,SYM-08,Low Discharge Flow,Context,Low,X in CC_symptoms.xlsx matrix,Direction/Strength by engineering judgement
REL-00204,Parameter->Symptom,PAR-PROC-02,Speed,Process Parameters- Source- OSI/PI/SEEQ/DCS/Other,SYM-08,Low Discharge Flow,Context,Low,X in CC_symptoms.xlsx matrix,Direction/Strength by engineering judgement
REL-00205,Parameter->Symptom,PAR-PROC-03,Molecular Weight,Process Parameters- Source- OSI/PI/SEEQ/DCS/Other,SYM-08,Low Discharge Flow,Context,Low,X in CC_symptoms.xlsx matrix,Direction/Strength by engineering judgement
REL-00206,Parameter->Symptom,PAR-PROC-04,Suction Pressure,Process Parameters- Source- OSI/PI/SEEQ/DCS/Other,SYM-08,Low Discharge Flow,Context,Low,X in CC_symptoms.xlsx matrix,Direction/Strength by engineering judgement
REL-00207,Parameter->Symptom,PAR-PROC-05,Suction Temperature,Process Parameters- Source- OSI/PI/SEEQ/DCS/Other,SYM-08,Low Discharge Flow,Context,Low,X in CC_symptoms.xlsx matrix,Direction/Strength by engineering judgement
REL-00208,Parameter->Symptom,PAR-PROC-06,Suction Flow,Process Parameters- Source- OSI/PI/SEEQ/DCS/Other,SYM-08,Low Discharge Flow,Direct,High,X in CC_symptoms.xlsx matrix,Direction/Strength by engineering judgement
REL-00209,Parameter->Symptom,PAR-PROC-08,Suction Valve Opening % or Inlet Guide Vane opening %,Process Parameters- Source- OSI/PI/SEEQ/DCS/Other,SYM-08,Low Discharge Flow,Context,Low,X in CC_symptoms.xlsx matrix,Direction/Strength by engineering judgement
REL-00210,Parameter->Symptom,PAR-PROC-09,Suction Strainer (filter) Differential Presure,Process Parameters- Source- OSI/PI/SEEQ/DCS/Other,SYM-08,Low Discharge Flow,Inverse,Med,X in CC_symptoms.xlsx matrix,Direction/Strength by engineering judgement
REL-00211,Parameter->Symptom,PAR-PROC-10,Discharge Pressure,Process Parameters- Source- OSI/PI/SEEQ/DCS/Other,SYM-08,Low Discharge Flow,Context,Low,X in CC_symptoms.xlsx matrix,Direction/Strength by engineering judgement
REL-00212,Parameter->Symptom,PAR-PROC-11,Discharge Temperature,Process Parameters- Source- OSI/PI/SEEQ/DCS/Other,SYM-08,Low Discharge Flow,Context,Low,X in CC_symptoms.xlsx matrix,Direction/Strength by engineering judgement
REL-00213,Parameter->Symptom,PAR-PROC-12,Discharge Flow,Process Parameters- Source- OSI/PI/SEEQ/DCS/Other,SYM-08,Low Discharge Flow,Direct,High,X in CC_symptoms.xlsx matrix,Direction/Strength by engineering judgement
REL-00214,Parameter->Symptom,PAR-PROC-13,Balancing Line Pressure,Process Parameters- Source- OSI/PI/SEEQ/DCS/Other,SYM-08,Low Discharge Flow,Context,Low,X in CC_symptoms.xlsx matrix,Direction/Strength by engineering judgement
REL-00215,Parameter->Symptom,PAR-PROC-14,Recycle Valve (Anti-Surge Valve) opening %,Process Parameters- Source- OSI/PI/SEEQ/DCS/Other,SYM-08,Low Discharge Flow,Inverse,Med,X in CC_symptoms.xlsx matrix,Direction/Strength by engineering judgement
REL-00216,Parameter->Symptom,PAR-PROC-15,Interstage Cooler Gas Inlet Temperature,Process Parameters- Source- OSI/PI/SEEQ/DCS/Other,SYM-08,Low Discharge Flow,Context,Low,X in CC_symptoms.xlsx matrix,Direction/Strength by engineering judgement
REL-00217,Parameter->Symptom,PAR-PROC-16,Interstage Cooler Gas Outler Temperature,Process Parameters- Source- OSI/PI/SEEQ/DCS/Other,SYM-08,Low Discharge Flow,Context,Low,X in CC_symptoms.xlsx matrix,Direction/Strength by engineering judgement
REL-00218,Parameter->Symptom,PAR-PROC-17,Interstage Cooler Cooling Water Inlet Temperature,Process Parameters- Source- OSI/PI/SEEQ/DCS/Other,SYM-08,Low Discharge Flow,Context,Low,X in CC_symptoms.xlsx matrix,Direction/Strength by engineering judgement
REL-00219,Parameter->Symptom,PAR-PROC-18,Interstage Cooler Cooling Water Outler Temperature,Process Parameters- Source- OSI/PI/SEEQ/DCS/Other,SYM-08,Low Discharge Flow,Context,Low,X in CC_symptoms.xlsx matrix,Direction/Strength by engineering judgement
REL-00220,Parameter->Symptom,PAR-PROC-19,Power drawn -if motor driven-Current,Process Parameters- Source- OSI/PI/SEEQ/DCS/Other,SYM-08,Low Discharge Flow,Context,Low,X in CC_symptoms.xlsx matrix,Direction/Strength by engineering judgement
REL-00221,Parameter->Symptom,PAR-PROC-20,Power drawn - If turbine driven-steam flow,Process Parameters- Source- OSI/PI/SEEQ/DCS/Other,SYM-08,Low Discharge Flow,Context,Low,X in CC_symptoms.xlsx matrix,Direction/Strength by engineering judgement
REL-00222,Parameter->Symptom,PAR-BRG-01,Inboard Radial Bearing Temperature,Compressor Bearing Temperature (Source- System-1/other),SYM-08,Low Discharge Flow,Context,Low,X in CC_symptoms.xlsx matrix,Direction/Strength by engineering judgement
REL-00223,Parameter->Symptom,PAR-BRG-02,Outboard Radial Bearing Temperature,Compressor Bearing Temperature (Source- System-1/other),SYM-08,Low Discharge Flow,Context,Low,X in CC_symptoms.xlsx matrix,Direction/Strength by engineering judgement
REL-00224,Parameter->Symptom,PAR-BRG-03,Thrust bearing Active Temperature,Compressor Bearing Temperature (Source- System-1/other),SYM-08,Low Discharge Flow,Context,Low,X in CC_symptoms.xlsx matrix,Direction/Strength by engineering judgement
REL-00225,Parameter->Symptom,PAR-BRG-04,Thrust bearing In-active Temperature,Compressor Bearing Temperature (Source- System-1/other),SYM-08,Low Discharge Flow,Context,Low,X in CC_symptoms.xlsx matrix,Direction/Strength by engineering judgement
REL-00226,Parameter->Symptom,PAR-VIB-01,Inboard X probe,Compressor Vibration/Axial Displacemen (Source- System-1/Other),SYM-08,Low Discharge Flow,Context,Low,X in CC_symptoms.xlsx matrix,Direction/Strength by engineering judgement
REL-00227,Parameter->Symptom,PAR-VIB-02,Inboard Y probe,Compressor Vibration/Axial Displacemen (Source- System-1/Other),SYM-08,Low Discharge Flow,Context,Low,X in CC_symptoms.xlsx matrix,Direction/Strength by engineering judgement
REL-00228,Parameter->Symptom,PAR-VIB-03,Outboard X probe,Compressor Vibration/Axial Displacemen (Source- System-1/Other),SYM-08,Low Discharge Flow,Context,Low,X in CC_symptoms.xlsx matrix,Direction/Strength by engineering judgement
REL-00229,Parameter->Symptom,PAR-VIB-04,Outboard Y probe,Compressor Vibration/Axial Displacemen (Source- System-1/Other),SYM-08,Low Discharge Flow,Context,Low,X in CC_symptoms.xlsx matrix,Direction/Strength by engineering judgement
REL-00230,Parameter->Symptom,PAR-VIB-05,Axial displacement Probe 1,Compressor Vibration/Axial Displacemen (Source- System-1/Other),SYM-08,Low Discharge Flow,Context,Low,X in CC_symptoms.xlsx matrix,Direction/Strength by engineering judgement
REL-00231,Parameter->Symptom,PAR-VIB-06,Axial displacement probe 2,Compressor Vibration/Axial Displacemen (Source- System-1/Other),SYM-08,Low Discharge Flow,Context,Low,X in CC_symptoms.xlsx matrix,Direction/Strength by engineering judgement
REL-00232,Parameter->Symptom,PAR-PROC-01,Gas Handled,Process Parameters- Source- OSI/PI/SEEQ/DCS/Other,SYM-09,High Suction Pressure,Context,Low,X in CC_symptoms.xlsx matrix,Direction/Strength by engineering judgement
REL-00233,Parameter->Symptom,PAR-PROC-02,Speed,Process Parameters- Source- OSI/PI/SEEQ/DCS/Other,SYM-09,High Suction Pressure,Context,Low,X in CC_symptoms.xlsx matrix,Direction/Strength by engineering judgement
REL-00234,Parameter->Symptom,PAR-PROC-04,Suction Pressure,Process Parameters- Source- OSI/PI/SEEQ/DCS/Other,SYM-09,High Suction Pressure,Direct,High,X in CC_symptoms.xlsx matrix,Direction/Strength by engineering judgement
REL-00235,Parameter->Symptom,PAR-PROC-05,Suction Temperature,Process Parameters- Source- OSI/PI/SEEQ/DCS/Other,SYM-09,High Suction Pressure,Context,Low,X in CC_symptoms.xlsx matrix,Direction/Strength by engineering judgement
REL-00236,Parameter->Symptom,PAR-PROC-06,Suction Flow,Process Parameters- Source- OSI/PI/SEEQ/DCS/Other,SYM-09,High Suction Pressure,Context,Low,X in CC_symptoms.xlsx matrix,Direction/Strength by engineering judgement
REL-00237,Parameter->Symptom,PAR-PROC-07,Suction Drum Pressure,Process Parameters- Source- OSI/PI/SEEQ/DCS/Other,SYM-09,High Suction Pressure,Context,Low,X in CC_symptoms.xlsx matrix,Direction/Strength by engineering judgement
REL-00238,Parameter->Symptom,PAR-PROC-08,Suction Valve Opening % or Inlet Guide Vane opening %,Process Parameters- Source- OSI/PI/SEEQ/DCS/Other,SYM-09,High Suction Pressure,Context,Low,X in CC_symptoms.xlsx matrix,Direction/Strength by engineering judgement
REL-00239,Parameter->Symptom,PAR-PROC-09,Suction Strainer (filter) Differential Presure,Process Parameters- Source- OSI/PI/SEEQ/DCS/Other,SYM-09,High Suction Pressure,Context,Low,X in CC_symptoms.xlsx matrix,Direction/Strength by engineering judgement
REL-00240,Parameter->Symptom,PAR-PROC-10,Discharge Pressure,Process Parameters- Source- OSI/PI/SEEQ/DCS/Other,SYM-09,High Suction Pressure,Context,Low,X in CC_symptoms.xlsx matrix,Direction/Strength by engineering judgement
REL-00241,Parameter->Symptom,PAR-PROC-11,Discharge Temperature,Process Parameters- Source- OSI/PI/SEEQ/DCS/Other,SYM-09,High Suction Pressure,Context,Low,X in CC_symptoms.xlsx matrix,Direction/Strength by engineering judgement
REL-00242,Parameter->Symptom,PAR-PROC-12,Discharge Flow,Process Parameters- Source- OSI/PI/SEEQ/DCS/Other,SYM-09,High Suction Pressure,Context,Low,X in CC_symptoms.xlsx matrix,Direction/Strength by engineering judgement
REL-00243,Parameter->Symptom,PAR-PROC-13,Balancing Line Pressure,Process Parameters- Source- OSI/PI/SEEQ/DCS/Other,SYM-09,High Suction Pressure,Context,Low,X in CC_symptoms.xlsx matrix,Direction/Strength by engineering judgement
REL-00244,Parameter->Symptom,PAR-PROC-14,Recycle Valve (Anti-Surge Valve) opening %,Process Parameters- Source- OSI/PI/SEEQ/DCS/Other,SYM-09,High Suction Pressure,Direct,Med,X in CC_symptoms.xlsx matrix,Direction/Strength by engineering judgement
REL-00245,Parameter->Symptom,PAR-PROC-15,Interstage Cooler Gas Inlet Temperature,Process Parameters- Source- OSI/PI/SEEQ/DCS/Other,SYM-09,High Suction Pressure,Context,Low,X in CC_symptoms.xlsx matrix,Direction/Strength by engineering judgement
REL-00246,Parameter->Symptom,PAR-PROC-19,Power drawn -if motor driven-Current,Process Parameters- Source- OSI/PI/SEEQ/DCS/Other,SYM-09,High Suction Pressure,Context,Low,X in CC_symptoms.xlsx matrix,Direction/Strength by engineering judgement
REL-00247,Parameter->Symptom,PAR-PROC-20,Power drawn - If turbine driven-steam flow,Process Parameters- Source- OSI/PI/SEEQ/DCS/Other,SYM-09,High Suction Pressure,Context,Low,X in CC_symptoms.xlsx matrix,Direction/Strength by engineering judgement
REL-00248,Parameter->Symptom,PAR-HIST-01,Last Maint,Compressor Historical/Performance Data (Source- SAP/Site supplied data),SYM-10,Low Discharge Pressure,Context,Low,X in CC_symptoms.xlsx matrix,Direction/Strength by engineering judgement
REL-00249,Parameter->Symptom,PAR-HIST-03,Overhaul Reports,Compressor Historical/Performance Data (Source- SAP/Site supplied data),SYM-10,Low Discharge Pressure,Context,Low,X in CC_symptoms.xlsx matrix,Direction/Strength by engineering judgement
REL-00250,Parameter->Symptom,PAR-HIST-04,Trip History,Compressor Historical/Performance Data (Source- SAP/Site supplied data),SYM-10,Low Discharge Pressure,Context,Low,X in CC_symptoms.xlsx matrix,Direction/Strength by engineering judgement
REL-00251,Parameter->Symptom,PAR-PROC-01,Gas Handled,Process Parameters- Source- OSI/PI/SEEQ/DCS/Other,SYM-10,Low Discharge Pressure,Context,Low,X in CC_symptoms.xlsx matrix,Direction/Strength by engineering judgement
REL-00252,Parameter->Symptom,PAR-PROC-02,Speed,Process Parameters- Source- OSI/PI/SEEQ/DCS/Other,SYM-10,Low Discharge Pressure,Direct,Med,X in CC_symptoms.xlsx matrix,Direction/Strength by engineering judgement
REL-00253,Parameter->Symptom,PAR-PROC-03,Molecular Weight,Process Parameters- Source- OSI/PI/SEEQ/DCS/Other,SYM-10,Low Discharge Pressure,Context,Low,X in CC_symptoms.xlsx matrix,Direction/Strength by engineering judgement
REL-00254,Parameter->Symptom,PAR-PROC-04,Suction Pressure,Process Parameters- Source- OSI/PI/SEEQ/DCS/Other,SYM-10,Low Discharge Pressure,Context,Low,X in CC_symptoms.xlsx matrix,Direction/Strength by engineering judgement
REL-00255,Parameter->Symptom,PAR-PROC-05,Suction Temperature,Process Parameters- Source- OSI/PI/SEEQ/DCS/Other,SYM-10,Low Discharge Pressure,Context,Low,X in CC_symptoms.xlsx matrix,Direction/Strength by engineering judgement
REL-00256,Parameter->Symptom,PAR-PROC-06,Suction Flow,Process Parameters- Source- OSI/PI/SEEQ/DCS/Other,SYM-10,Low Discharge Pressure,Context,Low,X in CC_symptoms.xlsx matrix,Direction/Strength by engineering judgement
REL-00257,Parameter->Symptom,PAR-PROC-07,Suction Drum Pressure,Process Parameters- Source- OSI/PI/SEEQ/DCS/Other,SYM-10,Low Discharge Pressure,Context,Low,X in CC_symptoms.xlsx matrix,Direction/Strength by engineering judgement
REL-00258,Parameter->Symptom,PAR-PROC-08,Suction Valve Opening % or Inlet Guide Vane opening %,Process Parameters- Source- OSI/PI/SEEQ/DCS/Other,SYM-10,Low Discharge Pressure,Context,Low,X in CC_symptoms.xlsx matrix,Direction/Strength by engineering judgement
REL-00259,Parameter->Symptom,PAR-PROC-09,Suction Strainer (filter) Differential Presure,Process Parameters- Source- OSI/PI/SEEQ/DCS/Other,SYM-10,Low Discharge Pressure,Context,Low,X in CC_symptoms.xlsx matrix,Direction/Strength by engineering judgement
REL-00260,Parameter->Symptom,PAR-PROC-10,Discharge Pressure,Process Parameters- Source- OSI/PI/SEEQ/DCS/Other,SYM-10,Low Discharge Pressure,Direct,High,X in CC_symptoms.xlsx matrix,Direction/Strength by engineering judgement
REL-00261,Parameter->Symptom,PAR-PROC-11,Discharge Temperature,Process Parameters- Source- OSI/PI/SEEQ/DCS/Other,SYM-10,Low Discharge Pressure,Context,Low,X in CC_symptoms.xlsx matrix,Direction/Strength by engineering judgement
REL-00262,Parameter->Symptom,PAR-PROC-12,Discharge Flow,Process Parameters- Source- OSI/PI/SEEQ/DCS/Other,SYM-10,Low Discharge Pressure,Context,Low,X in CC_symptoms.xlsx matrix,Direction/Strength by engineering judgement
REL-00263,Parameter->Symptom,PAR-PROC-13,Balancing Line Pressure,Process Parameters- Source- OSI/PI/SEEQ/DCS/Other,SYM-10,Low Discharge Pressure,Context,Low,X in CC_symptoms.xlsx matrix,Direction/Strength by engineering judgement
REL-00264,Parameter->Symptom,PAR-PROC-14,Recycle Valve (Anti-Surge Valve) opening %,Process Parameters- Source- OSI/PI/SEEQ/DCS/Other,SYM-10,Low Discharge Pressure,Inverse,Med,X in CC_symptoms.xlsx matrix,Direction/Strength by engineering judgement
REL-00265,Parameter->Symptom,PAR-PROC-15,Interstage Cooler Gas Inlet Temperature,Process Parameters- Source- OSI/PI/SEEQ/DCS/Other,SYM-10,Low Discharge Pressure,Context,Low,X in CC_symptoms.xlsx matrix,Direction/Strength by engineering judgement
REL-00266,Parameter->Symptom,PAR-PROC-16,Interstage Cooler Gas Outler Temperature,Process Parameters- Source- OSI/PI/SEEQ/DCS/Other,SYM-10,Low Discharge Pressure,Context,Low,X in CC_symptoms.xlsx matrix,Direction/Strength by engineering judgement
REL-00267,Parameter->Symptom,PAR-PROC-17,Interstage Cooler Cooling Water Inlet Temperature,Process Parameters- Source- OSI/PI/SEEQ/DCS/Other,SYM-10,Low Discharge Pressure,Context,Low,X in CC_symptoms.xlsx matrix,Direction/Strength by engineering judgement
REL-00268,Parameter->Symptom,PAR-PROC-18,Interstage Cooler Cooling Water Outler Temperature,Process Parameters- Source- OSI/PI/SEEQ/DCS/Other,SYM-10,Low Discharge Pressure,Context,Low,X in CC_symptoms.xlsx matrix,Direction/Strength by engineering judgement
REL-00269,Parameter->Symptom,PAR-PROC-19,Power drawn -if motor driven-Current,Process Parameters- Source- OSI/PI/SEEQ/DCS/Other,SYM-10,Low Discharge Pressure,Context,Low,X in CC_symptoms.xlsx matrix,Direction/Strength by engineering judgement
REL-00270,Parameter->Symptom,PAR-PROC-20,Power drawn - If turbine driven-steam flow,Process Parameters- Source- OSI/PI/SEEQ/DCS/Other,SYM-10,Low Discharge Pressure,Context,Low,X in CC_symptoms.xlsx matrix,Direction/Strength by engineering judgement
REL-00271,Parameter->Symptom,PAR-BRG-01,Inboard Radial Bearing Temperature,Compressor Bearing Temperature (Source- System-1/other),SYM-10,Low Discharge Pressure,Context,Low,X in CC_symptoms.xlsx matrix,Direction/Strength by engineering judgement
REL-00272,Parameter->Symptom,PAR-BRG-02,Outboard Radial Bearing Temperature,Compressor Bearing Temperature (Source- System-1/other),SYM-10,Low Discharge Pressure,Context,Low,X in CC_symptoms.xlsx matrix,Direction/Strength by engineering judgement
REL-00273,Parameter->Symptom,PAR-BRG-03,Thrust bearing Active Temperature,Compressor Bearing Temperature (Source- System-1/other),SYM-10,Low Discharge Pressure,Context,Low,X in CC_symptoms.xlsx matrix,Direction/Strength by engineering judgement
REL-00274,Parameter->Symptom,PAR-BRG-04,Thrust bearing In-active Temperature,Compressor Bearing Temperature (Source- System-1/other),SYM-10,Low Discharge Pressure,Context,Low,X in CC_symptoms.xlsx matrix,Direction/Strength by engineering judgement
REL-00275,Parameter->Symptom,PAR-VIB-01,Inboard X probe,Compressor Vibration/Axial Displacemen (Source- System-1/Other),SYM-10,Low Discharge Pressure,Context,Low,X in CC_symptoms.xlsx matrix,Direction/Strength by engineering judgement
REL-00276,Parameter->Symptom,PAR-VIB-02,Inboard Y probe,Compressor Vibration/Axial Displacemen (Source- System-1/Other),SYM-10,Low Discharge Pressure,Context,Low,X in CC_symptoms.xlsx matrix,Direction/Strength by engineering judgement
REL-00277,Parameter->Symptom,PAR-VIB-03,Outboard X probe,Compressor Vibration/Axial Displacemen (Source- System-1/Other),SYM-10,Low Discharge Pressure,Context,Low,X in CC_symptoms.xlsx matrix,Direction/Strength by engineering judgement
REL-00278,Parameter->Symptom,PAR-VIB-04,Outboard Y probe,Compressor Vibration/Axial Displacemen (Source- System-1/Other),SYM-10,Low Discharge Pressure,Context,Low,X in CC_symptoms.xlsx matrix,Direction/Strength by engineering judgement
REL-00279,Parameter->Symptom,PAR-VIB-05,Axial displacement Probe 1,Compressor Vibration/Axial Displacemen (Source- System-1/Other),SYM-10,Low Discharge Pressure,Context,Low,X in CC_symptoms.xlsx matrix,Direction/Strength by engineering judgement
REL-00280,Parameter->Symptom,PAR-VIB-06,Axial displacement probe 2,Compressor Vibration/Axial Displacemen (Source- System-1/Other),SYM-10,Low Discharge Pressure,Context,Low,X in CC_symptoms.xlsx matrix,Direction/Strength by engineering judgement
REL-00281,Parameter->Symptom,PAR-HIST-01,Last Maint,Compressor Historical/Performance Data (Source- SAP/Site supplied data),SYM-11,High Lube Oil Supply Temperature,Context,Low,X in CC_symptoms.xlsx matrix,Direction/Strength by engineering judgement
REL-00282,Parameter->Symptom,PAR-HIST-04,Trip History,Compressor Historical/Performance Data (Source- SAP/Site supplied data),SYM-11,High Lube Oil Supply Temperature,Context,Low,X in CC_symptoms.xlsx matrix,Direction/Strength by engineering judgement
REL-00283,Parameter->Symptom,PAR-PROC-02,Speed,Process Parameters- Source- OSI/PI/SEEQ/DCS/Other,SYM-11,High Lube Oil Supply Temperature,Context,Low,X in CC_symptoms.xlsx matrix,Direction/Strength by engineering judgement
REL-00284,Parameter->Symptom,PAR-LO-01,Lube Oil supply Pressure,Lubrication System,SYM-11,High Lube Oil Supply Temperature,Context,Low,X in CC_symptoms.xlsx matrix,Direction/Strength by engineering judgement
REL-00285,Parameter->Symptom,PAR-LO-02,Lube Oil supply temperature,Lubrication System,SYM-11,High Lube Oil Supply Temperature,Direct,High,X in CC_symptoms.xlsx matrix,Direction/Strength by engineering judgement
REL-00286,Parameter->Symptom,PAR-LO-03,LO Cooler Oil Inlet temperature,Lubrication System,SYM-11,High Lube Oil Supply Temperature,Context,Low,X in CC_symptoms.xlsx matrix,Direction/Strength by engineering judgement
REL-00287,Parameter->Symptom,PAR-LO-04,LO Cooler Oil Outlet temperature,Lubrication System,SYM-11,High Lube Oil Supply Temperature,Direct,High,X in CC_symptoms.xlsx matrix,Direction/Strength by engineering judgement
REL-00288,Parameter->Symptom,PAR-LO-05,LO Cooler Cooling Water Inlet temperature,Lubrication System,SYM-11,High Lube Oil Supply Temperature,Direct,Med,X in CC_symptoms.xlsx matrix,Direction/Strength by engineering judgement
REL-00289,Parameter->Symptom,PAR-LO-06,LO Cooler Cooling Water Outlet temperature,Lubrication System,SYM-11,High Lube Oil Supply Temperature,Context,Low,X in CC_symptoms.xlsx matrix,Direction/Strength by engineering judgement
REL-00290,Parameter->Symptom,PAR-HIST-01,Last Maint,Compressor Historical/Performance Data (Source- SAP/Site supplied data),SYM-12,"High Seal leak off pressure 
(Applicable for Dry Gas Seal)",Context,Low,X in CC_symptoms.xlsx matrix,Direction/Strength by engineering judgement
REL-00291,Parameter->Symptom,PAR-HIST-03,Overhaul Reports,Compressor Historical/Performance Data (Source- SAP/Site supplied data),SYM-12,"High Seal leak off pressure 
(Applicable for Dry Gas Seal)",Context,Low,X in CC_symptoms.xlsx matrix,Direction/Strength by engineering judgement
REL-00292,Parameter->Symptom,PAR-HIST-04,Trip History,Compressor Historical/Performance Data (Source- SAP/Site supplied data),SYM-12,"High Seal leak off pressure 
(Applicable for Dry Gas Seal)",Context,Low,X in CC_symptoms.xlsx matrix,Direction/Strength by engineering judgement
REL-00293,Parameter->Symptom,PAR-PROC-02,Speed,Process Parameters- Source- OSI/PI/SEEQ/DCS/Other,SYM-12,"High Seal leak off pressure 
(Applicable for Dry Gas Seal)",Context,Low,X in CC_symptoms.xlsx matrix,Direction/Strength by engineering judgement
REL-00294,Parameter->Symptom,PAR-PROC-04,Suction Pressure,Process Parameters- Source- OSI/PI/SEEQ/DCS/Other,SYM-12,"High Seal leak off pressure 
(Applicable for Dry Gas Seal)",Context,Low,X in CC_symptoms.xlsx matrix,Direction/Strength by engineering judgement
REL-00295,Parameter->Symptom,PAR-PROC-06,Suction Flow,Process Parameters- Source- OSI/PI/SEEQ/DCS/Other,SYM-12,"High Seal leak off pressure 
(Applicable for Dry Gas Seal)",Context,Low,X in CC_symptoms.xlsx matrix,Direction/Strength by engineering judgement
REL-00296,Parameter->Symptom,PAR-PROC-08,Suction Valve Opening % or Inlet Guide Vane opening %,Process Parameters- Source- OSI/PI/SEEQ/DCS/Other,SYM-12,"High Seal leak off pressure 
(Applicable for Dry Gas Seal)",Context,Low,X in CC_symptoms.xlsx matrix,Direction/Strength by engineering judgement
REL-00297,Parameter->Symptom,PAR-PROC-12,Discharge Flow,Process Parameters- Source- OSI/PI/SEEQ/DCS/Other,SYM-12,"High Seal leak off pressure 
(Applicable for Dry Gas Seal)",Context,Low,X in CC_symptoms.xlsx matrix,Direction/Strength by engineering judgement
REL-00298,Parameter->Symptom,PAR-PROC-13,Balancing Line Pressure,Process Parameters- Source- OSI/PI/SEEQ/DCS/Other,SYM-12,"High Seal leak off pressure 
(Applicable for Dry Gas Seal)",Context,Low,X in CC_symptoms.xlsx matrix,Direction/Strength by engineering judgement
REL-00299,Parameter->Symptom,PAR-PROC-14,Recycle Valve (Anti-Surge Valve) opening %,Process Parameters- Source- OSI/PI/SEEQ/DCS/Other,SYM-12,"High Seal leak off pressure 
(Applicable for Dry Gas Seal)",Context,Low,X in CC_symptoms.xlsx matrix,Direction/Strength by engineering judgement
REL-00300,Parameter->Symptom,PAR-DGS-01,Seal Gas Supply Pressure,Sealing System- Dry Gas Seal,SYM-12,"High Seal leak off pressure 
(Applicable for Dry Gas Seal)",Direct,High,X in CC_symptoms.xlsx matrix,Direction/Strength by engineering judgement
REL-00301,Parameter->Symptom,PAR-DGS-02,Seal Gas Supply Flow,Sealing System- Dry Gas Seal,SYM-12,"High Seal leak off pressure 
(Applicable for Dry Gas Seal)",Context,Low,X in CC_symptoms.xlsx matrix,Direction/Strength by engineering judgement
REL-00302,Parameter->Symptom,PAR-DGS-03,Seal Gas Differential Pressure,Sealing System- Dry Gas Seal,SYM-12,"High Seal leak off pressure 
(Applicable for Dry Gas Seal)",Context,Med,X in CC_symptoms.xlsx matrix,Direction/Strength by engineering judgement
REL-00303,Parameter->Symptom,PAR-DGS-04,Barrier Gas Pressure,Sealing System- Dry Gas Seal,SYM-12,"High Seal leak off pressure 
(Applicable for Dry Gas Seal)",Direct,High,X in CC_symptoms.xlsx matrix,Direction/Strength by engineering judgement
REL-00304,Parameter->Symptom,PAR-DGS-05,Barrier Gas Flow,Sealing System- Dry Gas Seal,SYM-12,"High Seal leak off pressure 
(Applicable for Dry Gas Seal)",Context,Low,X in CC_symptoms.xlsx matrix,Direction/Strength by engineering judgement
REL-00305,Parameter->Symptom,PAR-DGS-06,Buffer Gas Pressure,Sealing System- Dry Gas Seal,SYM-12,"High Seal leak off pressure 
(Applicable for Dry Gas Seal)",Direct,High,X in CC_symptoms.xlsx matrix,Direction/Strength by engineering judgement
REL-00306,Parameter->Symptom,PAR-DGS-07,Buffer Gas Flow,Sealing System- Dry Gas Seal,SYM-12,"High Seal leak off pressure 
(Applicable for Dry Gas Seal)",Context,Low,X in CC_symptoms.xlsx matrix,Direction/Strength by engineering judgement
REL-00307,Parameter->Symptom,PAR-DGS-08,Vent line pressure,Sealing System- Dry Gas Seal,SYM-12,"High Seal leak off pressure 
(Applicable for Dry Gas Seal)",Direct,High,X in CC_symptoms.xlsx matrix,Direction/Strength by engineering judgement
REL-00308,Parameter->Symptom,PAR-DGS-09,Vent line flow,Sealing System- Dry Gas Seal,SYM-12,"High Seal leak off pressure 
(Applicable for Dry Gas Seal)",Context,Low,X in CC_symptoms.xlsx matrix,Direction/Strength by engineering judgement
REL-00309,Parameter->Symptom,PAR-HIST-01,Last Maint,Compressor Historical/Performance Data (Source- SAP/Site supplied data),SYM-13,"High Seal leak off flow
(Applicable for Dry Gas Seal)",Context,Low,X in CC_symptoms.xlsx matrix,Direction/Strength by engineering judgement
REL-00310,Parameter->Symptom,PAR-HIST-03,Overhaul Reports,Compressor Historical/Performance Data (Source- SAP/Site supplied data),SYM-13,"High Seal leak off flow
(Applicable for Dry Gas Seal)",Context,Low,X in CC_symptoms.xlsx matrix,Direction/Strength by engineering judgement
REL-00311,Parameter->Symptom,PAR-HIST-04,Trip History,Compressor Historical/Performance Data (Source- SAP/Site supplied data),SYM-13,"High Seal leak off flow
(Applicable for Dry Gas Seal)",Context,Low,X in CC_symptoms.xlsx matrix,Direction/Strength by engineering judgement
REL-00312,Parameter->Symptom,PAR-PROC-02,Speed,Process Parameters- Source- OSI/PI/SEEQ/DCS/Other,SYM-13,"High Seal leak off flow
(Applicable for Dry Gas Seal)",Context,Low,X in CC_symptoms.xlsx matrix,Direction/Strength by engineering judgement
REL-00313,Parameter->Symptom,PAR-PROC-04,Suction Pressure,Process Parameters- Source- OSI/PI/SEEQ/DCS/Other,SYM-13,"High Seal leak off flow
(Applicable for Dry Gas Seal)",Context,Low,X in CC_symptoms.xlsx matrix,Direction/Strength by engineering judgement
REL-00314,Parameter->Symptom,PAR-PROC-06,Suction Flow,Process Parameters- Source- OSI/PI/SEEQ/DCS/Other,SYM-13,"High Seal leak off flow
(Applicable for Dry Gas Seal)",Context,Low,X in CC_symptoms.xlsx matrix,Direction/Strength by engineering judgement
REL-00315,Parameter->Symptom,PAR-PROC-08,Suction Valve Opening % or Inlet Guide Vane opening %,Process Parameters- Source- OSI/PI/SEEQ/DCS/Other,SYM-13,"High Seal leak off flow
(Applicable for Dry Gas Seal)",Context,Low,X in CC_symptoms.xlsx matrix,Direction/Strength by engineering judgement
REL-00316,Parameter->Symptom,PAR-PROC-12,Discharge Flow,Process Parameters- Source- OSI/PI/SEEQ/DCS/Other,SYM-13,"High Seal leak off flow
(Applicable for Dry Gas Seal)",Context,Low,X in CC_symptoms.xlsx matrix,Direction/Strength by engineering judgement
REL-00317,Parameter->Symptom,PAR-PROC-13,Balancing Line Pressure,Process Parameters- Source- OSI/PI/SEEQ/DCS/Other,SYM-13,"High Seal leak off flow
(Applicable for Dry Gas Seal)",Context,Low,X in CC_symptoms.xlsx matrix,Direction/Strength by engineering judgement
REL-00318,Parameter->Symptom,PAR-PROC-14,Recycle Valve (Anti-Surge Valve) opening %,Process Parameters- Source- OSI/PI/SEEQ/DCS/Other,SYM-13,"High Seal leak off flow
(Applicable for Dry Gas Seal)",Context,Low,X in CC_symptoms.xlsx matrix,Direction/Strength by engineering judgement
REL-00319,Parameter->Symptom,PAR-DGS-01,Seal Gas Supply Pressure,Sealing System- Dry Gas Seal,SYM-13,"High Seal leak off flow
(Applicable for Dry Gas Seal)",Context,Low,X in CC_symptoms.xlsx matrix,Direction/Strength by engineering judgement
REL-00320,Parameter->Symptom,PAR-DGS-02,Seal Gas Supply Flow,Sealing System- Dry Gas Seal,SYM-13,"High Seal leak off flow
(Applicable for Dry Gas Seal)",Direct,High,X in CC_symptoms.xlsx matrix,Direction/Strength by engineering judgement
REL-00321,Parameter->Symptom,PAR-DGS-03,Seal Gas Differential Pressure,Sealing System- Dry Gas Seal,SYM-13,"High Seal leak off flow
(Applicable for Dry Gas Seal)",Context,Med,X in CC_symptoms.xlsx matrix,Direction/Strength by engineering judgement
REL-00322,Parameter->Symptom,PAR-DGS-04,Barrier Gas Pressure,Sealing System- Dry Gas Seal,SYM-13,"High Seal leak off flow
(Applicable for Dry Gas Seal)",Context,Low,X in CC_symptoms.xlsx matrix,Direction/Strength by engineering judgement
REL-00323,Parameter->Symptom,PAR-DGS-05,Barrier Gas Flow,Sealing System- Dry Gas Seal,SYM-13,"High Seal leak off flow
(Applicable for Dry Gas Seal)",Direct,High,X in CC_symptoms.xlsx matrix,Direction/Strength by engineering judgement
REL-00324,Parameter->Symptom,PAR-DGS-06,Buffer Gas Pressure,Sealing System- Dry Gas Seal,SYM-13,"High Seal leak off flow
(Applicable for Dry Gas Seal)",Context,Low,X in CC_symptoms.xlsx matrix,Direction/Strength by engineering judgement
REL-00325,Parameter->Symptom,PAR-DGS-07,Buffer Gas Flow,Sealing System- Dry Gas Seal,SYM-13,"High Seal leak off flow
(Applicable for Dry Gas Seal)",Direct,High,X in CC_symptoms.xlsx matrix,Direction/Strength by engineering judgement
REL-00326,Parameter->Symptom,PAR-DGS-08,Vent line pressure,Sealing System- Dry Gas Seal,SYM-13,"High Seal leak off flow
(Applicable for Dry Gas Seal)",Context,Low,X in CC_symptoms.xlsx matrix,Direction/Strength by engineering judgement
REL-00327,Parameter->Symptom,PAR-DGS-09,Vent line flow,Sealing System- Dry Gas Seal,SYM-13,"High Seal leak off flow
(Applicable for Dry Gas Seal)",Direct,High,X in CC_symptoms.xlsx matrix,Direction/Strength by engineering judgement
REL-00328,Parameter->Symptom,PAR-HIST-01,Last Maint,Compressor Historical/Performance Data (Source- SAP/Site supplied data),SYM-14,"High Seal Oil loss
(Applicable for Wet Seal)",Context,Med,X in CC_symptoms.xlsx matrix,Direction/Strength by engineering judgement
REL-00329,Parameter->Symptom,PAR-HIST-03,Overhaul Reports,Compressor Historical/Performance Data (Source- SAP/Site supplied data),SYM-14,"High Seal Oil loss
(Applicable for Wet Seal)",Context,Med,X in CC_symptoms.xlsx matrix,Direction/Strength by engineering judgement
REL-00330,Parameter->Symptom,PAR-HIST-04,Trip History,Compressor Historical/Performance Data (Source- SAP/Site supplied data),SYM-14,"High Seal Oil loss
(Applicable for Wet Seal)",Context,Med,X in CC_symptoms.xlsx matrix,Direction/Strength by engineering judgement
REL-00331,Parameter->Symptom,PAR-PROC-01,Gas Handled,Process Parameters- Source- OSI/PI/SEEQ/DCS/Other,SYM-14,"High Seal Oil loss
(Applicable for Wet Seal)",Context,Med,X in CC_symptoms.xlsx matrix,Direction/Strength by engineering judgement
REL-00332,Parameter->Symptom,PAR-PROC-02,Speed,Process Parameters- Source- OSI/PI/SEEQ/DCS/Other,SYM-14,"High Seal Oil loss
(Applicable for Wet Seal)",Context,Med,X in CC_symptoms.xlsx matrix,Direction/Strength by engineering judgement
REL-00333,Parameter->Symptom,PAR-PROC-04,Suction Pressure,Process Parameters- Source- OSI/PI/SEEQ/DCS/Other,SYM-14,"High Seal Oil loss
(Applicable for Wet Seal)",Context,Med,X in CC_symptoms.xlsx matrix,Direction/Strength by engineering judgement
REL-00334,Parameter->Symptom,PAR-PROC-10,Discharge Pressure,Process Parameters- Source- OSI/PI/SEEQ/DCS/Other,SYM-14,"High Seal Oil loss
(Applicable for Wet Seal)",Context,Med,X in CC_symptoms.xlsx matrix,Direction/Strength by engineering judgement
REL-00335,Parameter->Symptom,PAR-PROC-13,Balancing Line Pressure,Process Parameters- Source- OSI/PI/SEEQ/DCS/Other,SYM-14,"High Seal Oil loss
(Applicable for Wet Seal)",Context,Med,X in CC_symptoms.xlsx matrix,Direction/Strength by engineering judgement
REL-00336,Parameter->Symptom,PAR-PROC-14,Recycle Valve (Anti-Surge Valve) opening %,Process Parameters- Source- OSI/PI/SEEQ/DCS/Other,SYM-14,"High Seal Oil loss
(Applicable for Wet Seal)",Context,Med,X in CC_symptoms.xlsx matrix,Direction/Strength by engineering judgement
REL-00337,Parameter->Symptom,PAR-PROC-19,Power drawn -if motor driven-Current,Process Parameters- Source- OSI/PI/SEEQ/DCS/Other,SYM-14,"High Seal Oil loss
(Applicable for Wet Seal)",Context,Med,X in CC_symptoms.xlsx matrix,Direction/Strength by engineering judgement
REL-00338,Parameter->Symptom,PAR-PROC-20,Power drawn - If turbine driven-steam flow,Process Parameters- Source- OSI/PI/SEEQ/DCS/Other,SYM-14,"High Seal Oil loss
(Applicable for Wet Seal)",Context,Med,X in CC_symptoms.xlsx matrix,Direction/Strength by engineering judgement
REL-00339,Parameter->Symptom,PAR-WET-01,Seal Oil Supply pressure,Sealing System-Wet Seal,SYM-14,"High Seal Oil loss
(Applicable for Wet Seal)",Context,Med,X in CC_symptoms.xlsx matrix,Direction/Strength by engineering judgement
REL-00340,Parameter->Symptom,PAR-WET-02,Reference Gas pressure,Sealing System-Wet Seal,SYM-14,"High Seal Oil loss
(Applicable for Wet Seal)",Context,Med,X in CC_symptoms.xlsx matrix,Direction/Strength by engineering judgement
REL-00341,Parameter->Symptom,PAR-WET-03,Seal oil reservoir level,Sealing System-Wet Seal,SYM-14,"High Seal Oil loss
(Applicable for Wet Seal)",Inverse,High,X in CC_symptoms.xlsx matrix,Direction/Strength by engineering judgement
REL-00342,Parameter->Symptom,PAR-BRG-01,Inboard Radial Bearing Temperature,Compressor Bearing Temperature (Source- System-1/other),SYM-14,"High Seal Oil loss
(Applicable for Wet Seal)",Context,Med,X in CC_symptoms.xlsx matrix,Direction/Strength by engineering judgement
REL-00343,Parameter->Symptom,PAR-BRG-02,Outboard Radial Bearing Temperature,Compressor Bearing Temperature (Source- System-1/other),SYM-14,"High Seal Oil loss
(Applicable for Wet Seal)",Context,Med,X in CC_symptoms.xlsx matrix,Direction/Strength by engineering judgement
REL-00344,Parameter->Symptom,PAR-BRG-03,Thrust bearing Active Temperature,Compressor Bearing Temperature (Source- System-1/other),SYM-14,"High Seal Oil loss
(Applicable for Wet Seal)",Context,Med,X in CC_symptoms.xlsx matrix,Direction/Strength by engineering judgement
REL-00345,Parameter->Symptom,PAR-BRG-04,Thrust bearing In-active Temperature,Compressor Bearing Temperature (Source- System-1/other),SYM-14,"High Seal Oil loss
(Applicable for Wet Seal)",Context,Med,X in CC_symptoms.xlsx matrix,Direction/Strength by engineering judgement
REL-00346,Parameter->Symptom,PAR-VIB-01,Inboard X probe,Compressor Vibration/Axial Displacemen (Source- System-1/Other),SYM-14,"High Seal Oil loss
(Applicable for Wet Seal)",Context,Med,X in CC_symptoms.xlsx matrix,Direction/Strength by engineering judgement
REL-00347,Parameter->Symptom,PAR-VIB-02,Inboard Y probe,Compressor Vibration/Axial Displacemen (Source- System-1/Other),SYM-14,"High Seal Oil loss
(Applicable for Wet Seal)",Context,Med,X in CC_symptoms.xlsx matrix,Direction/Strength by engineering judgement
REL-00348,Parameter->Symptom,PAR-VIB-03,Outboard X probe,Compressor Vibration/Axial Displacemen (Source- System-1/Other),SYM-14,"High Seal Oil loss
(Applicable for Wet Seal)",Context,Med,X in CC_symptoms.xlsx matrix,Direction/Strength by engineering judgement
REL-00349,Parameter->Symptom,PAR-VIB-04,Outboard Y probe,Compressor Vibration/Axial Displacemen (Source- System-1/Other),SYM-14,"High Seal Oil loss
(Applicable for Wet Seal)",Context,Med,X in CC_symptoms.xlsx matrix,Direction/Strength by engineering judgement
REL-00350,Parameter->Symptom,PAR-VIB-05,Axial displacement Probe 1,Compressor Vibration/Axial Displacemen (Source- System-1/Other),SYM-14,"High Seal Oil loss
(Applicable for Wet Seal)",Context,Med,X in CC_symptoms.xlsx matrix,Direction/Strength by engineering judgement
REL-00351,Parameter->Symptom,PAR-VIB-06,Axial displacement probe 2,Compressor Vibration/Axial Displacemen (Source- System-1/Other),SYM-14,"High Seal Oil loss
(Applicable for Wet Seal)",Context,Med,X in CC_symptoms.xlsx matrix,Direction/Strength by engineering judgement
REL-00352,Parameter->Parameter,PAR-PROC-02,Speed,Process Parameters- Source- OSI/PI/SEEQ/DCS/Other,PAR-PROC-10,Discharge Pressure,Direct,High,Engineering interdependency,Normal running: Higher speed increases head and discharge pressure.
REL-00353,Parameter->Parameter,PAR-PROC-02,Speed,Process Parameters- Source- OSI/PI/SEEQ/DCS/Other,PAR-PROC-11,Discharge Temperature,Direct,Med,Engineering interdependency,Normal running: Higher head tends to increase discharge temperature.
REL-00354,Parameter->Parameter,PAR-PROC-09,Suction Strainer (filter) Differential Presure,Process Parameters- Source- OSI/PI/SEEQ/DCS/Other,PAR-PROC-04,Suction Pressure,Inverse,High,Engineering interdependency,Normal running: Higher inlet restriction reduces suction pressure.
REL-00355,Parameter->Parameter,PAR-PROC-04,Suction Pressure,Process Parameters- Source- OSI/PI/SEEQ/DCS/Other,PAR-PROC-06,Suction Flow,Direct,Med,Engineering interdependency,Normal running: Higher suction pressure increases density and mass flow for same volumetric flow.
REL-00356,Parameter->Parameter,PAR-PROC-14,Recycle Valve (Anti-Surge Valve) opening %,Process Parameters- Source- OSI/PI/SEEQ/DCS/Other,PAR-PROC-12,Discharge Flow,Inverse,Med,Engineering interdependency,Flow meter to process: Higher recycle reduces net discharge flow to process (depends on flow meter location).
REL-00357,Parameter->Parameter,PAR-PROC-10,Discharge Pressure,Process Parameters- Source- OSI/PI/SEEQ/DCS/Other,PAR-PROC-19,Power drawn -if motor driven-Current,Direct,High,Engineering interdependency,Normal running: Higher pressure ratio increases power.
REL-00358,Parameter->Parameter,PAR-PROC-12,Discharge Flow,Process Parameters- Source- OSI/PI/SEEQ/DCS/Other,PAR-PROC-19,Power drawn -if motor driven-Current,Direct,High,Engineering interdependency,Normal running: Higher mass flow increases power.
REL-00359,Parameter->Parameter,PAR-LO-04,LO Cooler Oil Outlet temperature,Lubrication System,PAR-LO-02,Lube Oil supply temperature,Direct,High,Engineering interdependency,Normal running: Cooler outlet drives bearing supply temperature.
REL-00360,Parameter->Parameter,PAR-PROC-17,Interstage Cooler Cooling Water Inlet Temperature,Process Parameters- Source- OSI/PI/SEEQ/DCS/Other,PAR-LO-04,LO Cooler Oil Outlet temperature,Direct,Med,Engineering interdependency,Normal running: Hotter CW inlet reduces cooling and raises oil outlet temp.
REL-00361,Parameter->Parameter,PAR-DGS-01,Seal Gas Supply Pressure,Sealing System- Dry Gas Seal,PAR-DGS-03,Seal Gas Differential Pressure,Direct,High,Engineering interdependency,Normal running: Supply pressure supports DP across seal (regulated).
